Time;Type;Volume;Symbol;Price;S/L;T/P;Time;Price;Commission;Swap;Profit;Comment
2022.08.12 09:30:00;Buy;0.30;AUDUSD;0.71144;;0.71249;2022.08.12 18:14:14;0.71249;;;31.50;[tp]
2022.08.12 14:45:01;Buy;0.30;CHFJPY;141.642;;141.727;2022.08.12 16:42:35;141.727;;;19.09;[tp]
2022.08.11 13:55:00;Buy;0.40;USDCHF;0.93736;;0.94389;2022.08.12 14:47:56;0.94389;;;276.73;[tp]
2022.08.11 12:45:01;Buy;0.38;USDCHF;0.93865;;0.94389;2022.08.12 14:47:56;0.94389;;;210.96;[tp]
2022.08.10 14:30:03;Buy;0.36;USDCHF;0.94035;;0.94389;2022.08.12 14:47:56;0.94389;;;135.02;[tp]
2022.08.10 12:45:00;Buy;0.35;USDCHF;0.94149;;0.94389;2022.08.12 14:47:56;0.94389;;;88.99;[tp]
2022.08.10 12:35:00;Buy;0.33;USDCHF;0.94338;;0.94389;2022.08.12 14:47:56;0.94389;;;17.83;[tp]
2022.08.10 10:30:02;Buy;0.32;USDCHF;0.94964;;0.94389;2022.08.12 14:47:56;0.94389;;;-194.94;[tp]
2022.08.08 21:16:07;Buy;0.26;USDCHF;0.95634;;0.94389;2022.08.12 14:47:56;0.94389;;;-342.94;[tp]
2022.08.11 14:45:01;Sell;0.50;EURJPY;137.085;;137.010;2022.08.12 14:34:20;137.010;;;28.09;[tp]
2022.08.11 18:05:03;Buy;0.30;GBPUSD;1.22017;;1.22092;2022.08.12 06:00:07;1.22092;;;22.50;[tp]
2022.08.11 18:20:02;Buy;0.30;NZDUSD;0.64315;;0.64390;2022.08.12 02:32:01;0.64390;;;22.50;[tp]
2022.08.11 19:10:04;Sell;0.32;EURCHF;0.97194;;0.97119;2022.08.12 01:32:05;0.97119;;;25.48;[tp]
2022.08.11 22:35:19;Sell;0.30;AUDUSD;0.71056;;0.70951;2022.08.12 00:37:10;0.70951;;;31.50;[tp]
2022.08.11 15:25:00;Buy;0.30;NZDUSD;0.64373;;0.64448;2022.08.11 17:16:41;0.64448;;;22.50;[tp]
2022.08.11 15:25:00;Buy;0.30;GBPUSD;1.22079;;1.22154;2022.08.11 15:31:21;1.22154;;;22.50;[tp]
2022.08.11 12:40:00;Sell;0.30;GBPUSD;1.22247;;1.22172;2022.08.11 14:50:11;1.22172;;;22.50;[tp]
2022.08.10 14:05:00;Buy;0.58;EURJPY;136.752;;137.211;2022.08.11 14:34:17;137.211;;;200.88;[tp]
2022.08.10 13:10:01;Buy;0.50;EURJPY;137.582;;137.211;2022.08.11 14:34:17;137.211;;;-139.97;[tp]
2022.08.11 12:05:01;Buy;0.32;EURCHF;0.97118;;0.97193;2022.08.11 14:34:15;0.97193;;;25.57;[tp]
2022.08.10 17:25:03;Buy;0.32;EURCHF;0.97106;;0.97181;2022.08.11 09:44:10;0.97181;;;25.50;[tp]
2022.08.11 07:25:01;Buy;0.30;CHFJPY;140.952;;141.037;2022.08.11 08:58:52;141.037;;;19.24;[tp]
2022.08.11 08:53:42;Balance;;;;;;;;;;-100.00;
2022.08.11 08:53:41;Balance;;;;;;;;;;-0.13;
2022.08.10 18:35:02;Buy;0.35;NZDUSD;0.64164;;0.64239;2022.08.11 07:23:27;0.64239;;;26.25;[tp]
2022.08.10 19:30:00;Buy;0.30;EURUSD;1.03027;;1.03112;2022.08.11 06:58:08;1.03112;;;25.50;[tp]
2022.08.11 06:30:01;Sell;0.30;GBPUSD;1.22081;;1.22006;2022.08.11 06:35:24;1.22006;;;22.50;[tp]
2022.08.11 03:50:09;Sell;0.30;GBPUSD;1.21929;;1.21854;2022.08.11 05:12:16;1.21854;;;22.50;[tp]
2022.08.11 01:45:04;Sell;0.30;CHFJPY;141.106;;141.021;2022.08.11 04:59:55;141.021;;;19.15;[tp]
2022.08.10 23:30:05;Sell;0.30;AUDUSD;0.70829;;0.70724;2022.08.11 01:31:57;0.70724;;;31.50;[tp]
2022.08.10 14:55:01;Sell;0.78;GBPUSD;1.22550;;1.22024;2022.08.11 01:17:45;1.22024;;;410.28;[tp]
2022.08.10 12:40:01;Sell;0.63;GBPUSD;1.22382;;1.22024;2022.08.11 01:17:45;1.22024;;;225.54;[tp]
2022.08.10 12:35:00;Sell;0.50;GBPUSD;1.22037;;1.22024;2022.08.11 01:17:45;1.22024;;;6.50;[tp]
2022.08.10 07:45:00;Sell;0.40;GBPUSD;1.20853;;1.22024;2022.08.11 01:17:45;1.22024;;;-468.40;[tp]
2022.08.11 00:15:02;Buy;0.40;CHFJPY;140.825;;140.910;2022.08.11 00:35:08;140.910;;;25.59;[tp]
2022.08.10 18:55:04;Sell;0.40;CHFJPY;141.018;;140.933;2022.08.10 22:03:53;140.933;;0.38;25.60;[tp]
2022.08.10 18:40:02;Sell;0.40;CHFJPY;141.133;;141.048;2022.08.10 18:53:00;141.048;;;25.59;[tp]
2022.08.10 14:25:00;Buy;0.48;CHFJPY;140.674;;141.051;2022.08.10 18:12:43;141.051;;;136.32;[tp]
2022.08.10 13:25:00;Buy;0.40;CHFJPY;141.316;;141.051;2022.08.10 18:12:43;141.051;;;-79.85;[tp]
2022.08.10 15:00:00;Sell;0.36;EURUSD;1.03549;;1.03260;2022.08.10 16:06:01;1.03260;;;104.04;[tp]
2022.08.10 13:15:01;Sell;0.30;EURUSD;1.03101;;1.03260;2022.08.10 16:06:01;1.03260;;;-47.70;[tp]
2022.08.10 13:00:04;Sell;0.32;EURCHF;0.97344;;0.97269;2022.08.10 13:18:14;0.97269;;;25.45;[tp]
2022.08.10 12:45:00;Buy;0.30;NZDJPY;84.924;;85.059;2022.08.10 13:09:05;85.059;;;30.41;[tp]
2022.08.10 13:05:00;Buy;0.50;EURJPY;137.497;;137.572;2022.08.10 13:09:04;137.572;;;28.16;[tp]
2022.08.10 12:55:00;Buy;0.30;AUDJPY;93.854;;93.954;2022.08.10 13:00:42;93.954;;;22.53;[tp]
2022.08.09 10:45:00;Buy;0.30;AUDUSD;0.69788;;0.69893;2022.08.10 12:30:01;0.70123;;;100.50;[tp]
2022.08.09 14:50:00;Buy;0.50;EURJPY;138.029;;138.104;2022.08.10 10:35:16;138.104;;;27.79;[tp]
2022.08.09 11:00:05;Buy;0.30;NZDUSD;0.62895;;0.62970;2022.08.10 08:00:04;0.62970;;;22.50;[tp]
2022.08.10 06:45:00;Buy;0.40;GBPUSD;1.20771;;1.20846;2022.08.10 07:02:56;1.20846;;;30.00;[tp]
2022.08.09 21:30:00;Buy;0.38;CHFJPY;141.729;;141.814;2022.08.10 07:00:04;141.814;;-1.17;23.92;[tp]
2022.08.10 03:10:10;Sell;0.30;EURUSD;1.02162;;1.02077;2022.08.10 06:19:16;1.02077;;;25.50;[tp]
2022.08.10 02:25:05;Sell;0.40;GBPUSD;1.20796;;1.20721;2022.08.10 06:07:40;1.20721;;;30.00;[tp]
2022.08.09 23:50:38;Buy;0.30;EURUSD;1.02092;;1.02177;2022.08.10 02:49:08;1.02177;;;25.50;[tp]
2022.08.09 22:30:02;Sell;0.40;GBPUSD;1.20753;;1.20678;2022.08.10 00:49:34;1.20678;;;30.00;[tp]
2022.08.09 08:55:01;Sell;0.36;EURUSD;1.02404;;1.02140;2022.08.09 17:40:02;1.02140;;;95.04;[tp]
2022.08.09 00:15:02;Sell;0.26;EURUSD;1.01977;;1.02140;2022.08.09 17:40:02;1.02140;;;-42.38;[tp]
2022.08.09 14:55:01;Sell;0.40;GBPUSD;1.20951;;1.20876;2022.08.09 14:57:55;1.20876;;;30.00;[tp]
2022.08.09 08:55:01;Sell;0.32;EURCHF;0.97490;;0.97415;2022.08.09 14:39:54;0.97415;;;25.21;[tp]
2022.08.09 13:30:39;Balance;;;;;;;;;;1 256.99;
2022.08.09 11:00:01;Buy;0.40;GBPUSD;1.21073;;1.21148;2022.08.09 12:26:11;1.21148;;;30.00;[tp]
2022.08.09 09:30:06;Sell;0.30;NZDUSD;0.62977;;0.62902;2022.08.09 10:48:01;0.62902;;;22.50;[tp]
2022.08.08 16:00:11;Buy;0.26;NZDUSD;0.62876;;0.62951;2022.08.09 09:03:31;0.62951;;;19.50;[tp]
2022.08.08 15:55:00;Buy;0.26;GBPUSD;1.20957;;1.21032;2022.08.09 08:23:46;1.21032;;;19.50;[tp]
2022.08.09 08:21:39;Balance;;;;;;;;;;-120.02;
2022.08.09 08:21:38;Balance;;;;;;;;;;-0.08;
2022.08.09 07:35:00;Buy;0.50;EURJPY;137.785;;137.860;2022.08.09 08:01:18;137.860;;;27.79;[tp]
2022.08.09 07:20:01;Buy;0.50;EURJPY;137.630;;137.705;2022.08.09 07:31:07;137.705;;;27.79;[tp]
2022.08.09 06:05:01;Sell;0.30;EURCHF;0.97410;;0.97335;2022.08.09 07:13:05;0.97335;;;23.58;[tp]
2022.08.09 06:35:02;Sell;0.36;CHFJPY;141.465;;141.380;2022.08.09 07:01:04;141.380;;;22.69;[tp]
2022.08.09 03:25:02;Sell;0.26;CHFJPY;141.280;;141.195;2022.08.09 04:26:43;141.195;;;16.39;[tp]
2022.08.09 03:25:02;Sell;0.40;EURJPY;137.593;;137.518;2022.08.09 04:15:27;137.518;;;22.24;[tp]
2022.08.09 00:55:00;Buy;0.26;AUDUSD;0.69799;;0.69904;2022.08.09 03:15:45;0.69904;;;27.30;[tp]
2022.08.09 00:45:00;Buy;0.40;EURJPY;137.421;;137.496;2022.08.09 03:01:07;137.496;;;22.24;[tp]
2022.08.08 20:10:20;Sell;0.40;EURJPY;137.592;;137.517;2022.08.08 23:58:09;137.517;;;22.25;[tp]
2022.08.08 15:00:00;Sell;0.31;EURUSD;1.02168;;1.01947;2022.08.08 17:04:00;1.01947;;;68.51;[tp]
2022.08.08 02:10:04;Sell;0.14;EURUSD;1.01731;;1.01947;2022.08.08 17:04:00;1.01947;;;-30.24;[tp]
2022.08.08 14:55:00;Buy;0.26;USDCHF;0.95334;;0.95409;2022.08.08 15:45:22;0.95409;;;20.44;[tp]
2022.08.08 15:10:01;Sell;0.40;EURJPY;137.483;;137.408;2022.08.08 15:16:03;137.408;;;22.29;[tp]
2022.08.08 12:25:00;Sell;0.40;EURJPY;137.455;;137.380;2022.08.08 13:07:27;137.380;;;22.26;[tp]
2022.08.08 09:25:05;Buy;0.40;EURJPY;137.524;;137.599;2022.08.08 12:14:06;137.599;;;22.24;[tp]
2022.08.08 09:00:00;Buy;0.20;GBPUSD;1.20857;;1.20932;2022.08.08 10:42:59;1.20932;;;15.00;[tp]
2022.08.08 08:25:01;Buy;0.40;EURJPY;137.612;;137.687;2022.08.08 08:40:32;137.687;;;22.20;[tp]
2022.08.08 08:23:18;Balance;;;;;;;;;;2 521.00;
2022.08.08 08:22:51;Balance;;;;;;;;;;-562.89;
2022.08.08 08:22:40;Balance;;;;;;;;;;-617.00;
2022.08.08 08:22:27;Balance;;;;;;;;;;-101.00;
2022.08.08 08:22:17;Balance;;;;;;;;;;-1 262.98;
2022.08.08 07:40:00;Sell;0.20;AUDJPY;94.038;;93.938;2022.08.08 08:16:02;93.938;;;14.82;[tp]
2022.08.05 16:05:03;Sell;0.17;EURCHF;0.97981;;0.97672;2022.08.08 08:15:59;0.97672;;;54.82;[tp]
2022.08.04 07:15:01;Sell;0.16;EURCHF;0.97923;;0.97672;2022.08.08 08:15:59;0.97672;;;41.90;[tp]
2022.08.03 09:15:07;Sell;0.15;EURCHF;0.97789;;0.97672;2022.08.08 08:15:59;0.97672;;;18.32;[tp]
2022.08.03 08:50:04;Sell;0.15;EURCHF;0.97645;;0.97672;2022.08.08 08:15:59;0.97672;;;-4.23;[tp]
2022.08.03 06:45:02;Sell;0.14;EURCHF;0.97326;;0.97672;2022.08.08 08:15:59;0.97672;;;-50.55;[tp]
2022.08.08 06:25:00;Buy;0.20;NZDUSD;0.62420;;0.62495;2022.08.08 07:06:12;0.62495;;;15.00;[tp]
2022.08.08 01:55:10;Sell;0.15;NZDUSD;0.62443;;0.62368;2022.08.08 06:13:39;0.62368;;;11.25;[tp]
2022.08.05 14:00:00;Sell;0.15;USDCHF;0.96175;;0.96100;2022.08.08 05:54:14;0.96100;;;11.71;[tp]
2022.08.05 19:35:01;Buy;0.38;EURJPY;137.449;;;2022.08.08 05:36:59;137.806;;;100.25;from #10421177
2022.08.07 22:00:00;Buy;0.20;GBPUSD;1.20691;;1.20766;2022.08.08 02:53:03;1.20766;;;15.00;[tp]
2022.08.08 02:28:24;Balance;;;;;;;;;;101.00;
2022.08.08 02:23:21;Balance;;;;;;;;;;617.00;
2022.08.08 02:19:22;Balance;;;;;;;;;;1 260.00;
2022.08.08 00:45:00;Buy;0.14;EURUSD;1.01658;;1.01743;2022.08.08 01:44:21;1.01743;;;11.90;[tp]
2022.08.07 21:08:16;Balance;;;;;;;;;;-606.81;
2022.08.07 21:08:15;Balance;;;;;;;;;;-0.13;
2022.08.05 19:35:01;Buy;0.02;EURJPY;137.449;;137.524;2022.08.07 21:08:03;137.390;;;-0.87;
2022.08.06 07:28:03;Balance;;;;;;;;;;100.00;
2022.08.05 17:10:01;Sell;0.15;NZDUSD;0.62471;;0.62396;2022.08.05 18:12:09;0.62396;;;11.25;[tp]
2022.08.05 08:35:02;Buy;0.15;NZDJPY;83.828;;83.963;2022.08.05 12:33:02;83.963;;;15.06;[tp]
2022.08.04 12:05:01;Buy;0.16;CHFJPY;139.432;;139.517;2022.08.05 12:30:19;139.517;;-0.50;10.16;[tp]
2022.08.04 07:10:01;Sell;0.17;NZDUSD;0.62986;;0.62729;2022.08.05 12:30:10;0.62729;;;43.69;[tp]
2022.08.03 18:40:01;Sell;0.15;NZDUSD;0.62597;;0.62729;2022.08.05 12:30:10;0.62729;;;-19.80;[tp]
2022.08.05 09:40:01;Buy;0.15;USDCHF;0.95533;;0.95608;2022.08.05 12:30:02;0.95715;;;28.52;[tp]
2022.08.04 19:20:00;Sell;0.24;EURUSD;1.02528;;1.02142;2022.08.05 12:30:02;1.02142;;;92.64;[tp]
2022.08.04 16:40:00;Sell;0.20;EURUSD;1.02367;;1.02142;2022.08.05 12:30:02;1.02142;;;45.00;[tp]
2022.08.04 15:00:01;Sell;0.17;EURUSD;1.02115;;1.02142;2022.08.05 12:30:02;1.02142;;;-4.59;[tp]
2022.08.04 05:40:05;Sell;0.14;EURUSD;1.01645;;1.02142;2022.08.05 12:30:02;1.02142;;;-69.58;[tp]
2022.08.05 09:40:00;Buy;0.15;AUDJPY;92.496;;92.596;2022.08.05 12:06:24;92.596;;;11.27;[tp]
2022.08.05 11:10:01;Sell;0.40;EURJPY;136.266;;136.191;2022.08.05 11:27:49;136.191;;;22.54;[tp]
2022.08.04 15:40:02;Sell;0.20;GBPUSD;1.21340;;1.21265;2022.08.05 09:53:01;1.21265;;;15.00;[tp]
2022.08.05 07:00:00;Sell;0.15;USDCHF;0.95662;;0.95587;2022.08.05 08:38:39;0.95587;;;11.77;[tp]
2022.08.05 01:35:01;Sell;0.20;AUDUSD;0.69649;;0.69544;2022.08.05 08:18:19;0.69544;;;21.00;[tp]
2022.08.04 23:25:01;Buy;0.18;NZDJPY;83.625;;84.044;2022.08.05 07:31:12;84.044;;;56.56;[tp]
2022.08.04 12:05:00;Buy;0.15;NZDJPY;84.249;;84.044;2022.08.05 07:31:12;84.044;;;-23.06;[tp]
2022.08.05 06:55:01;Buy;0.40;EURJPY;136.291;;136.366;2022.08.05 07:15:54;136.366;;;22.51;[tp]
2022.08.05 01:20:00;Sell;0.40;EURJPY;136.304;;136.229;2022.08.05 02:21:21;136.229;;;22.54;[tp]
2022.08.05 00:10:02;Buy;0.15;AUDJPY;92.453;;92.553;2022.08.05 01:07:38;92.553;;;11.28;[tp]
2022.08.04 23:40:01;Buy;0.40;EURJPY;136.080;;136.155;2022.08.05 00:21:46;136.155;;;22.56;[tp]
2022.08.04 20:05:07;Buy;0.40;EURJPY;136.156;;136.231;2022.08.04 20:45:24;136.231;;;22.56;[tp]
2022.08.04 14:40:01;Buy;0.18;AUDJPY;92.560;;92.888;2022.08.04 18:03:08;92.888;;;44.33;[tp]
2022.08.04 12:55:00;Buy;0.15;AUDJPY;93.061;;92.888;2022.08.04 18:03:08;92.888;;;-19.48;[tp]
2022.08.04 15:30:00;Sell;0.40;EURJPY;136.263;;136.188;2022.08.04 15:50:42;136.188;;;22.49;[tp]
2022.08.04 11:20:00;Buy;0.20;GBPUSD;1.21272;;1.21347;2022.08.04 15:21:06;1.21347;;;15.00;[tp]
2022.08.04 12:05:00;Buy;0.40;EURJPY;136.173;;136.248;2022.08.04 15:16:12;136.248;;;22.50;[tp]
2022.08.04 05:50:03;Sell;0.16;CHFJPY;139.381;;139.296;2022.08.04 11:54:50;139.296;;;10.16;[tp]
2022.08.04 07:25:01;Sell;0.15;AUDJPY;93.379;;93.279;2022.08.04 11:52:31;93.279;;;11.20;[tp]
2022.08.04 10:00:00;Buy;0.15;USDCHF;0.95978;;0.96053;2022.08.04 11:33:37;0.96053;;;11.71;[tp]
2022.08.04 06:40:02;Buy;0.20;GBPUSD;1.21371;;1.21446;2022.08.04 06:47:53;1.21446;;;15.00;[tp]
2022.08.03 21:26:06;Buy;0.15;USDCHF;0.96101;;0.96176;2022.08.04 06:15:54;0.96176;;;11.70;[tp]
2022.08.03 13:40:00;Buy;0.14;GBPUSD;1.21570;;1.21645;2022.08.04 01:16:57;1.21645;;;10.50;[tp]
2022.08.03 20:45:01;Buy;0.20;EURJPY;136.176;;136.251;2022.08.03 23:46:55;136.251;;;11.18;[tp]
2022.08.03 21:40:01;Buy;0.16;CHFJPY;139.368;;139.453;2022.08.03 23:09:45;139.453;;-1.49;10.14;[tp]
2022.08.03 20:15:31;Sell;0.14;EURUSD;1.01679;;1.01594;2022.08.03 22:12:00;1.01594;;;11.90;[tp]
2022.08.03 13:40:02;Buy;0.15;NZDUSD;0.62552;;0.62627;2022.08.03 18:12:31;0.62627;;;11.25;[tp]
2022.08.03 13:35:01;Buy;0.15;AUDUSD;0.69297;;0.69402;2022.08.03 16:23:28;0.69402;;;15.75;[tp]
2022.08.03 02:30:01;Sell;0.14;GBPUSD;1.21616;;1.21541;2022.08.03 13:20:46;1.21541;;;10.50;[tp]
2022.08.03 10:25:00;Sell;0.14;EURUSD;1.01820;;1.01735;2022.08.03 13:20:22;1.01735;;;11.90;[tp]
2022.08.03 10:35:00;Buy;0.14;AUDUSD;0.69241;;0.69346;2022.08.03 11:02:34;0.69346;;;14.70;[tp]
2022.08.03 09:40:02;Buy;0.20;EURJPY;135.595;;135.670;2022.08.03 10:00:52;135.670;;;11.26;[tp]
2022.08.03 06:25:00;Sell;0.20;EURJPY;135.474;;135.399;2022.08.03 06:45:39;135.399;;;11.26;[tp]
2022.08.03 06:15:03;Sell;0.14;CHFJPY;139.318;;139.233;2022.08.03 06:26:54;139.233;;;8.94;[tp]
2022.08.03 06:20:01;Sell;0.20;EURJPY;135.559;;135.484;2022.08.03 06:24:29;135.484;;;11.26;[tp]
2022.08.03 04:20:05;Buy;0.14;EURCHF;0.97280;;0.97355;2022.08.03 06:11:42;0.97355;;;10.98;[tp]
2022.08.03 04:20:01;Buy;0.14;CHFJPY;138.857;;138.942;2022.08.03 04:49:25;138.942;;;8.96;[tp]
2022.08.02 18:00:00;Buy;0.14;EURUSD;1.01844;;1.01929;2022.08.03 03:56:14;1.01929;;;11.90;[tp]
2022.08.02 18:30:05;Sell;0.14;USDCHF;0.95603;;0.95528;2022.08.03 03:55:38;0.95528;;;10.99;[tp]
2022.08.03 00:25:00;Sell;0.35;EURJPY;135.953;;135.291;2022.08.03 03:54:37;135.291;;;174.48;[tp]
2022.08.02 23:30:01;Sell;0.30;EURJPY;135.658;;135.291;2022.08.03 03:54:37;135.291;;;82.91;[tp]
2022.08.02 21:25:28;Sell;0.26;EURJPY;135.371;;135.291;2022.08.03 03:54:37;135.291;;;15.66;[tp]
2022.08.02 17:30:00;Sell;0.23;EURJPY;135.022;;135.291;2022.08.03 03:54:37;135.291;;;-46.59;[tp]
2022.08.02 14:55:00;Sell;0.20;EURJPY;134.289;;135.291;2022.08.03 03:54:37;135.291;;;-150.91;[tp]
2022.08.02 23:00:02;Buy;0.15;NZDUSD;0.62248;;0.62548;2022.08.03 03:53:06;0.62548;;;45.00;[tp]
2022.08.02 17:55:00;Buy;0.14;NZDUSD;0.62714;;0.62548;2022.08.03 03:53:06;0.62548;;;-23.24;[tp]
2022.08.03 01:50:00;Sell;0.17;AUDJPY;92.363;;92.042;2022.08.03 02:54:32;92.042;;;41.02;[tp]
2022.08.02 16:35:00;Sell;0.14;AUDJPY;91.874;;92.042;2022.08.03 02:54:32;92.042;;;-17.68;[tp]
2022.08.02 22:25:01;Sell;0.14;AUDUSD;0.69204;;0.69099;2022.08.02 22:57:30;0.69099;;;14.70;[tp]
2022.08.02 22:30:08;Sell;0.14;GBPUSD;1.21673;;1.21598;2022.08.02 22:53:37;1.21598;;;10.50;[tp]
2022.08.02 18:30:17;Balance;;;;;;;;;;-50.60;
2022.08.02 18:30:16;Balance;;;;;;;;;;-0.04;
2022.08.02 16:45:28;Balance;;;;;;;;;;599.61;
2022.08.02 08:05:00;Buy;0.35;AUDUSD;0.69231;;0.69625;2022.08.02 15:36:23;0.69625;;;137.90;[tp]
2022.08.02 07:10:00;Buy;0.29;AUDUSD;0.69330;;0.69625;2022.08.02 15:36:23;0.69625;;;85.55;[tp]
2022.08.02 07:05:01;Buy;0.24;AUDUSD;0.69445;;0.69625;2022.08.02 15:36:23;0.69625;;;43.20;[tp]
2022.08.02 05:30:00;Buy;0.20;AUDUSD;0.69620;;0.69625;2022.08.02 15:36:23;0.69625;;;1.00;[tp]
2022.08.02 04:50:00;Buy;0.17;AUDUSD;0.69793;;0.69625;2022.08.02 15:36:23;0.69625;;;-28.56;[tp]
2022.08.01 21:20:08;Buy;0.14;AUDUSD;0.70289;;0.69625;2022.08.02 15:36:22;0.69625;;;-92.96;[tp]
2022.08.02 13:40:01;Sell;0.20;EURJPY;134.096;;134.021;2022.08.02 14:01:06;134.021;;;11.42;[tp]
2022.08.02 11:35:01;Sell;0.14;NZDUSD;0.62977;;0.62902;2022.08.02 12:14:03;0.62902;;;10.50;[tp]
2022.08.01 14:35:02;Sell;0.14;EURCHF;0.97461;;0.97386;2022.08.02 07:47:31;0.97386;;;11.03;[tp]
2022.08.01 23:35:00;Sell;0.14;EURUSD;1.02643;;1.02558;2022.08.02 06:15:53;1.02558;;;11.90;[tp]
2022.08.01 21:45:00;Buy;0.14;USDCHF;0.95026;;0.95101;2022.08.02 06:15:52;0.95101;;;11.04;[tp]
2022.08.01 14:50:01;Sell;0.20;NZDUSD;0.63512;;0.63131;2022.08.02 04:55:55;0.63131;;;76.20;[tp]
2022.08.01 12:20:00;Sell;0.19;NZDUSD;0.63393;;0.63131;2022.08.02 04:55:55;0.63131;;;49.78;[tp]
2022.08.01 08:35:00;Sell;0.17;NZDUSD;0.63243;;0.63131;2022.08.02 04:55:55;0.63131;;;19.04;[tp]
2022.08.01 07:20:00;Sell;0.15;NZDUSD;0.63045;;0.63131;2022.08.02 04:55:55;0.63131;;;-12.90;[tp]
2022.07.29 15:05:00;Sell;0.14;NZDUSD;0.62645;;0.63131;2022.08.02 04:55:55;0.63131;;;-68.04;[tp]
2022.08.02 03:40:00;Sell;0.20;EURJPY;134.440;;134.365;2022.08.02 04:05:21;134.365;;;11.47;[tp]
2022.08.02 01:55:00;Buy;0.14;AUDJPY;91.667;;91.767;2022.08.02 03:12:35;91.767;;;10.69;[tp]
2022.08.01 18:00:02;Buy;0.14;GBPUSD;1.22585;;1.22660;2022.08.02 00:38:14;1.22660;;;10.50;[tp]
2022.08.01 19:00:00;Buy;0.14;EURUSD;1.02540;;1.02625;2022.08.01 22:40:10;1.02625;;;11.90;[tp]
2022.08.01 22:30:03;Sell;0.20;EURJPY;135.110;;135.035;2022.08.01 22:37:50;135.035;;;11.39;[tp]
2022.08.01 18:55:00;Sell;0.14;USDCHF;0.95095;;0.95020;2022.08.01 19:46:26;0.95020;;;11.05;[tp]
2022.08.01 17:28:58;Balance;;;;;;;;;;50.60;
2022.08.01 15:00:00;Sell;0.14;AUDUSD;0.70426;;0.70321;2022.08.01 15:06:32;0.70321;;;14.70;[tp]
2022.08.01 13:15:00;Buy;0.14;NZDJPY;83.625;;83.760;2022.08.01 14:00:43;83.760;;;14.31;[tp]
2022.08.01 13:20:01;Buy;0.14;AUDJPY;92.720;;92.820;2022.08.01 14:00:34;92.820;;;10.61;[tp]
2022.08.01 12:45:00;Buy;0.20;EURJPY;135.392;;135.467;2022.08.01 14:00:28;135.467;;;11.36;[tp]
2022.08.01 10:20:01;Sell;0.20;AUDUSD;0.70439;;0.70091;2022.08.01 13:32:48;0.70091;;;69.60;[tp]
2022.08.01 08:10:01;Sell;0.17;AUDUSD;0.70240;;0.70091;2022.08.01 13:32:48;0.70091;;;25.33;[tp]
2022.08.01 00:35:00;Sell;0.14;AUDUSD;0.69797;;0.70091;2022.08.01 13:32:48;0.70091;;;-41.16;[tp]
2022.08.01 12:20:00;Buy;0.14;EURUSD;1.02407;;1.02492;2022.08.01 13:12:58;1.02492;;;11.90;[tp]
2022.08.01 11:35:01;Buy;0.14;GBPUSD;1.22259;;1.22334;2022.08.01 12:13:05;1.22334;;;10.50;[tp]
2022.08.01 08:40:01;Sell;0.17;EURUSD;1.02610;;1.02310;2022.08.01 11:55:59;1.02310;;;51.00;[tp]
2022.07.29 19:20:00;Sell;0.14;EURUSD;1.02133;;1.02310;2022.08.01 11:55:59;1.02310;;;-24.78;[tp]
2022.08.01 10:30:00;Buy;0.20;EURJPY;135.460;;135.535;2022.08.01 10:52:04;135.535;;;11.35;[tp]
2022.08.01 08:25:03;Sell;0.14;EURCHF;0.97384;;0.97309;2022.08.01 10:20:58;0.97309;;;11.07;[tp]
2022.08.01 08:25:01;Sell;0.20;EURJPY;135.695;;135.620;2022.08.01 09:28:12;135.620;;;11.34;[tp]
2022.08.01 05:40:03;Buy;0.14;EURCHF;0.97213;;0.97288;2022.08.01 06:56:45;0.97288;;;11.05;[tp]
2022.08.01 01:20:01;Buy;0.17;CHFJPY;139.090;;139.473;2022.08.01 03:15:16;139.473;;;49.07;[tp]
2022.08.01 00:30:02;Buy;0.14;CHFJPY;139.750;;139.473;2022.08.01 03:15:16;139.473;;;-29.23;[tp]
2022.08.01 01:20:02;Buy;0.23;EURJPY;135.217;;135.636;2022.08.01 03:13:21;135.636;;;72.71;[tp]
2022.08.01 00:30:00;Buy;0.20;EURJPY;135.957;;135.636;2022.08.01 03:13:21;135.636;;;-48.43;[tp]
2022.07.31 21:35:25;Buy;0.14;GBPUSD;1.21816;;1.21891;2022.08.01 01:11:36;1.21891;;;10.50;[tp]
2022.07.31 22:35:27;Sell;0.14;USDCHF;0.95247;;0.95172;2022.08.01 00:17:38;0.95172;;;11.03;[tp]
2022.07.29 19:20:03;Sell;0.20;EURJPY;136.216;;136.141;2022.07.31 22:22:50;136.141;;;11.25;[tp]
2022.07.31 14:33:44;Balance;;;;;;;;;;96.50;
2022.07.31 09:31:33;Balance;;;;;;;;;;100.00;
2022.07.31 09:25:07;Balance;;;;;;;;;;131.40;
2022.07.31 09:17:21;Balance;;;;;;;;;;-131.44;
2022.07.31 09:17:11;Balance;;;;;;;;;;-121.65;
2022.07.30 19:31:51;Balance;;;;;;;;;;-378.45;
2022.07.30 05:58:54;Balance;;;;;;;;;;100.00;
2022.07.29 23:50:17;Balance;;;;;;;;;;-1 123.79;
2022.07.29 16:10:01;Buy;0.20;EURJPY;136.015;;136.090;2022.07.29 17:41:10;136.090;;;11.25;[tp]
2022.07.29 17:38:11;Balance;;;;;;;;;;-299.08;
2022.07.29 16:25:05;Buy;0.14;USDCHF;0.95172;;0.95247;2022.07.29 16:33:36;0.95247;;;11.02;[tp]
2022.07.29 13:45:00;Buy;0.17;AUDJPY;92.939;;93.266;2022.07.29 15:00:27;93.266;;;41.58;[tp]
2022.07.29 04:10:00;Buy;0.14;AUDJPY;93.441;;93.266;2022.07.29 15:00:27;93.266;;;-18.33;[tp]
2022.07.29 13:40:00;Buy;0.19;NZDUSD;0.62235;;0.62618;2022.07.29 14:55:09;0.62618;;;72.77;[tp]
2022.07.29 13:05:00;Buy;0.17;NZDUSD;0.62423;;0.62618;2022.07.29 14:55:09;0.62618;;;33.15;[tp]
2022.07.29 12:20:00;Buy;0.15;NZDUSD;0.62629;;0.62618;2022.07.29 14:55:09;0.62618;;;-1.65;[tp]
2022.07.29 08:45:04;Buy;0.14;NZDUSD;0.63014;;0.62618;2022.07.29 14:55:09;0.62618;;;-55.44;[tp]
2022.07.29 13:40:00;Buy;0.24;AUDUSD;0.69169;;0.69565;2022.07.29 14:39:38;0.69565;;;95.04;[tp]
2022.07.29 13:15:00;Buy;0.20;AUDUSD;0.69317;;0.69565;2022.07.29 14:39:38;0.69565;;;49.60;[tp]
2022.07.29 12:25:01;Buy;0.17;AUDUSD;0.69598;;0.69565;2022.07.29 14:39:38;0.69565;;;-5.61;[tp]
2022.07.29 08:45:00;Buy;0.14;AUDUSD;0.69998;;0.69565;2022.07.29 14:39:38;0.69565;;;-60.62;[tp]
2022.07.29 14:25:00;Buy;0.20;EURJPY;136.276;;136.351;2022.07.29 14:30:17;136.351;;;11.19;[tp]
2022.07.29 11:05:01;Sell;0.20;EURJPY;136.261;;136.186;2022.07.29 14:07:16;136.186;;;11.19;[tp]
2022.07.29 13:30:00;Sell;0.14;USDCHF;0.95777;;0.95702;2022.07.29 14:01:49;0.95702;;;10.97;[tp]
2022.07.29 13:30:00;Buy;0.14;EURUSD;1.01600;;1.01685;2022.07.29 14:01:05;1.01685;;;11.90;[tp]
2022.07.29 00:15:02;Buy;0.14;USDCHF;0.95501;;0.95576;2022.07.29 12:16:04;0.95576;;;10.99;[tp]
2022.07.29 11:05:00;Sell;0.14;GBPUSD;1.21738;;1.21663;2022.07.29 11:41:08;1.21663;;;10.50;[tp]
2022.07.29 11:10:00;Sell;0.14;EURUSD;1.02254;;1.02169;2022.07.29 11:19:09;1.02169;;;11.90;[tp]
2022.07.29 09:00:00;Buy;0.14;GBPUSD;1.21701;;1.21776;2022.07.29 10:55:44;1.21776;;;10.50;[tp]
2022.07.29 09:20:01;Sell;0.20;EURJPY;135.907;;135.832;2022.07.29 09:22:02;135.832;;;11.25;[tp]
2022.07.29 06:20:00;Sell;0.18;GBPUSD;1.22045;;1.21674;2022.07.29 08:30:28;1.21674;;;66.78;[tp]
2022.07.28 17:20:00;Sell;0.14;GBPUSD;1.21368;;1.21674;2022.07.29 08:30:28;1.21674;;;-42.84;[tp]
2022.07.29 06:25:01;Sell;0.17;EURUSD;1.02416;;1.02098;2022.07.29 08:28:55;1.02098;;;54.06;[tp]
2022.07.28 21:05:00;Sell;0.14;EURUSD;1.01900;;1.02098;2022.07.29 08:28:55;1.02098;;;-27.72;[tp]
2022.07.29 06:45:06;Sell;0.14;EURCHF;0.97370;;0.97295;2022.07.29 08:20:06;0.97295;;;11.03;[tp]
2022.07.28 19:55:17;Sell;0.14;EURCHF;0.97268;;0.97193;2022.07.29 05:25:13;0.97193;;;11.04;[tp]
2022.07.28 18:30:03;Sell;0.20;EURJPY;136.676;;136.601;2022.07.29 03:11:59;136.601;;;11.20;[tp]
2022.07.28 22:40:04;Sell;0.14;AUDJPY;93.892;;93.792;2022.07.29 03:11:56;93.792;;;10.45;[tp]
2022.07.28 21:28:59;Buy;0.14;NZDUSD;0.62964;;0.63039;2022.07.29 03:10:25;0.63039;;;10.50;[tp]
2022.07.28 21:15:22;Buy;0.14;NZDJPY;84.532;;84.667;2022.07.28 23:53:37;84.667;;;14.06;[tp]
2022.07.28 14:05:00;Buy;0.14;AUDUSD;0.69747;;0.69852;2022.07.28 20:17:12;0.69852;;;14.70;[tp]
2022.07.28 13:05:00;Sell;0.14;AUDUSD;0.69744;;0.69639;2022.07.28 13:54:04;0.69639;;;14.70;[tp]
2022.07.28 13:30:00;Sell;0.14;GBPUSD;1.21594;;1.21519;2022.07.28 13:32:17;1.21519;;;10.50;[tp]
2022.07.28 13:00:00;Sell;0.14;AUDUSD;0.69848;;0.69743;2022.07.28 13:04:38;0.69743;;;14.70;[tp]
2022.07.28 10:30:00;Buy;0.14;GBPUSD;1.21359;;1.21434;2022.07.28 12:38:19;1.21434;;;10.50;[tp]
2022.07.28 06:25:01;Sell;0.15;NZDUSD;0.62842;;0.62578;2022.07.28 12:25:11;0.62578;;;39.60;[tp]
2022.07.27 19:00:00;Sell;0.14;NZDUSD;0.62450;;0.62578;2022.07.28 12:25:11;0.62578;;;-17.92;[tp]
2022.07.28 09:35:01;Buy;0.14;USDCHF;0.95788;;0.95863;2022.07.28 09:47:20;0.95863;;;10.95;[tp]
2022.07.28 08:32:17;Balance;;;;;;;;;;501.00;
2022.07.28 08:17:44;Balance;;;;;;;;;;-376.00;
2022.07.28 08:17:36;Balance;;;;;;;;;;-125.00;
2022.07.28 08:17:36;Balance;;;;;;;;;;-0.26;
2022.07.28 07:35:02;Buy;0.14;AUDUSD;0.69888;;0.69993;2022.07.28 07:59:53;0.69993;;;14.70;[tp]
2022.07.28 02:00:00;Buy;0.14;AUDJPY;94.726;;94.826;2022.07.28 06:28:59;94.826;;;10.35;[tp]
2022.07.28 00:40:09;Buy;0.14;AUDUSD;0.69885;;0.69990;2022.07.28 05:52:01;0.69990;;;14.70;[tp]
2022.07.28 00:40:01;Buy;0.14;GBPUSD;1.21472;;1.21547;2022.07.28 01:04:20;1.21547;;;10.50;[tp]
2022.07.27 13:15:02;Sell;0.24;CHFJPY;142.524;;141.993;2022.07.28 00:57:58;141.993;;0.22;93.58;[tp]
2022.07.26 23:25:00;Sell;0.20;CHFJPY;142.262;;141.993;2022.07.28 00:57:58;141.993;;0.18;39.51;[tp]
2022.07.26 14:30:02;Sell;0.17;CHFJPY;141.908;;141.993;2022.07.28 00:57:58;141.993;;0.20;-10.61;[tp]
2022.07.24 21:10:03;Sell;0.14;CHFJPY;141.257;;141.993;2022.07.28 00:57:58;141.993;;0.21;-75.67;[tp]
2022.07.27 18:40:00;Sell;0.23;EURJPY;139.154;;138.753;2022.07.28 00:53:58;138.753;;;67.70;[tp]
2022.07.26 19:55:05;Sell;0.20;EURJPY;138.453;;138.753;2022.07.28 00:53:58;138.753;;;-44.04;[tp]
2022.07.28 00:20:00;Buy;0.14;USDCHF;0.95904;;0.95979;2022.07.28 00:45:16;0.95979;;;10.94;[tp]
2022.07.26 16:05:05;Buy;0.23;EURCHF;0.97437;;0.97776;2022.07.27 18:36:41;0.97776;;;80.98;[tp]
2022.07.26 15:50:00;Buy;0.22;EURCHF;0.97468;;0.97776;2022.07.27 18:36:41;0.97776;;;70.38;[tp]
2022.07.26 14:20:01;Buy;0.21;EURCHF;0.97483;;0.97776;2022.07.27 18:36:41;0.97776;;;63.91;[tp]
2022.07.26 14:15:04;Buy;0.20;EURCHF;0.97528;;0.97776;2022.07.27 18:36:41;0.97776;;;51.51;[tp]
2022.07.26 14:10:02;Buy;0.19;EURCHF;0.97573;;0.97776;2022.07.27 18:36:41;0.97776;;;40.06;[tp]
2022.07.26 12:15:00;Buy;0.18;EURCHF;0.97661;;0.97776;2022.07.27 18:36:41;0.97776;;;21.50;[tp]
2022.07.26 11:45:01;Buy;0.17;EURCHF;0.97711;;0.97776;2022.07.27 18:36:41;0.97776;;;11.47;[tp]
2022.07.26 10:25:03;Buy;0.16;EURCHF;0.97819;;0.97776;2022.07.27 18:36:41;0.97776;;;-7.15;[tp]
2022.07.26 10:20:05;Buy;0.15;EURCHF;0.97932;;0.97776;2022.07.27 18:36:41;0.97776;;;-24.31;[tp]
2022.07.26 10:10:01;Buy;0.15;EURCHF;0.98127;;0.97776;2022.07.27 18:36:41;0.97776;;;-54.69;[tp]
2022.07.26 08:35:06;Buy;0.14;EURCHF;0.98447;;0.97776;2022.07.27 18:36:41;0.97776;;;-97.58;[tp]
2022.07.27 18:00:05;Sell;0.14;GBPUSD;1.20447;;1.20372;2022.07.27 18:32:13;1.20372;;;10.50;[tp]
2022.07.27 18:15:00;Sell;0.14;NZDUSD;0.62132;;0.62057;2022.07.27 18:31:23;0.62057;;;10.50;[tp]
2022.07.27 14:05:00;Buy;0.14;EURUSD;1.01392;;1.01477;2022.07.27 18:02:24;1.01477;;;11.90;[tp]
2022.07.27 15:20:01;Sell;0.14;USDCHF;0.96408;;0.96333;2022.07.27 18:01:57;0.96333;;;10.90;[tp]
2022.07.27 13:15:00;Buy;0.14;GBPUSD;1.20463;;1.20538;2022.07.27 13:24:44;1.20538;;;10.50;[tp]
2022.07.27 11:30:01;Sell;0.14;EURUSD;1.01594;;1.01509;2022.07.27 11:59:10;1.01509;;;11.90;[tp]
2022.07.27 09:25:03;Sell;0.14;NZDUSD;0.62393;;0.62318;2022.07.27 11:39:23;0.62318;;;10.50;[tp]
2022.07.27 07:10:00;Buy;0.14;AUDUSD;0.69329;;0.69434;2022.07.27 08:26:14;0.69434;;;14.70;[tp]
2022.07.26 23:35:09;Buy;0.14;USDCHF;0.96229;;0.96304;2022.07.27 06:58:12;0.96304;;;10.90;[tp]
2022.07.27 02:30:00;Buy;0.14;NZDUSD;0.62310;;0.62385;2022.07.27 05:31:07;0.62385;;;10.50;[tp]
2022.07.27 02:05:01;Buy;0.14;AUDJPY;94.935;;95.035;2022.07.27 04:57:07;95.035;;;10.21;[tp]
2022.07.26 15:10:13;Balance;;;;;;;;;;1 252.00;
2022.07.26 13:10:01;Sell;0.14;GBPUSD;1.20073;;1.19998;2022.07.26 13:46:25;1.19998;;;10.50;[tp]
2022.07.26 12:00:38;Balance;;;;;;;;;;376.00;
2022.07.26 10:25:02;Balance;;;;;;;;;;507.00;
2022.07.25 12:35:00;Sell;0.24;AUDJPY;95.146;;94.719;2022.07.26 10:20:42;94.719;;;74.96;[tp]
2022.07.25 12:00:01;Sell;0.20;AUDJPY;94.980;;94.719;2022.07.26 10:20:42;94.719;;;38.18;[tp]
2022.07.25 09:10:00;Sell;0.17;AUDJPY;94.681;;94.719;2022.07.26 10:20:42;94.719;;;-4.73;[tp]
2022.07.25 06:30:00;Sell;0.14;AUDJPY;94.198;;94.719;2022.07.26 10:20:42;94.719;;;-53.35;[tp]
2022.07.25 17:40:16;Buy;0.14;USDCHF;0.96516;;0.96591;2022.07.26 09:26:04;0.96591;;;10.87;[tp]
2022.07.25 09:00:02;Sell;0.10;NZDUSD;0.62533;;0.62458;2022.07.26 09:14:37;0.62458;;;7.50;[tp]
2022.07.26 00:15:00;Sell;0.14;GBPUSD;1.20575;;1.20500;2022.07.26 06:55:21;1.20500;;;10.50;[tp]
2022.07.26 04:50:00;Buy;0.20;EURJPY;139.575;;139.650;2022.07.26 05:49:29;139.650;;;10.98;[tp]
2022.07.26 01:55:01;Sell;0.14;EURUSD;1.02421;;1.02336;2022.07.26 03:33:30;1.02336;;;11.90;[tp]
2022.07.26 01:30:01;Sell;0.20;EURJPY;139.653;;139.578;2022.07.26 02:28:55;139.578;;;11.00;[tp]
2022.07.25 21:15:02;Buy;0.14;AUDUSD;0.69598;;0.69703;2022.07.26 01:26:01;0.69703;;;14.70;[tp]
2022.07.25 15:05:00;Buy;0.14;EURUSD;1.02209;;1.02294;2022.07.26 00:40:33;1.02294;;;11.90;[tp]
2022.07.25 21:35:04;Buy;0.14;GBPUSD;1.20531;;1.20606;2022.07.26 00:10:12;1.20606;;;10.50;[tp]
2022.07.25 17:20:01;Sell;0.14;EURJPY;139.726;;139.651;2022.07.25 17:52:56;139.651;;;7.68;[tp]
2022.07.25 15:00:01;Buy;0.10;GBPUSD;1.20454;;1.20529;2022.07.25 16:45:53;1.20529;;;7.50;[tp]
2022.07.25 15:00:00;Buy;0.14;AUDUSD;0.69477;;0.69582;2022.07.25 16:45:06;0.69582;;;14.70;[tp]
2022.07.25 14:50:00;Buy;0.14;EURJPY;139.612;;139.687;2022.07.25 14:56:22;139.687;;;7.68;[tp]
2022.07.25 14:45:00;Buy;0.14;EURJPY;139.561;;139.636;2022.07.25 14:47:13;139.636;;;7.69;[tp]
2022.07.25 10:15:01;Buy;0.14;USDCHF;0.96284;;0.96359;2022.07.25 10:31:15;0.96359;;;10.90;[tp]
2022.07.25 09:55:02;Sell;0.14;EURUSD;1.02387;;1.02302;2022.07.25 10:20:39;1.02302;;;11.90;[tp]
2022.07.22 19:35:01;Buy;0.24;NZDJPY;84.977;;85.509;2022.07.25 10:14:22;85.509;;;93.65;[tp]
2022.07.22 17:05:00;Buy;0.20;NZDJPY;85.232;;85.509;2022.07.25 10:14:22;85.509;;;40.64;[tp]
2022.07.21 17:35:02;Buy;0.17;NZDJPY;85.609;;85.509;2022.07.25 10:14:22;85.509;;;-12.47;[tp]
2022.07.20 21:30:00;Buy;0.10;NZDJPY;86.214;;85.509;2022.07.25 10:14:22;85.509;;;-51.71;[tp]
2022.07.25 00:00:00;Buy;0.11;NZDUSD;0.62330;;0.62596;2022.07.25 08:51:37;0.62596;;;29.26;[tp]
2022.07.22 16:00:01;Buy;0.10;NZDUSD;0.62732;;0.62596;2022.07.25 08:51:37;0.62596;;;-13.60;[tp]
2022.07.24 23:55:03;Buy;0.10;GBPUSD;1.19891;;1.19966;2022.07.25 07:53:12;1.19966;;;7.50;[tp]
2022.07.22 08:00:01;Buy;0.11;EURCHF;0.98237;;0.98511;2022.07.25 07:22:46;0.98511;;;31.24;[tp]
2022.07.22 07:35:01;Buy;0.11;EURCHF;0.98381;;0.98511;2022.07.25 07:22:46;0.98511;;;14.83;[tp]
2022.07.22 00:35:10;Buy;0.10;EURCHF;0.98715;;0.98511;2022.07.25 07:22:46;0.98511;;;-21.14;[tp]
2022.07.25 05:30:01;Buy;0.14;AUDUSD;0.69054;;0.69159;2022.07.25 06:50:49;0.69159;;;14.70;[tp]
2022.07.25 06:38:36;Balance;;;;;;;;;;125.00;
2022.07.25 02:30:01;Buy;0.14;USDCHF;0.96274;;0.96349;2022.07.25 05:15:19;0.96349;;;10.90;[tp]
2022.07.25 03:30:01;Sell;0.10;EURJPY;139.055;;138.980;2022.07.25 04:28:26;138.980;;;5.51;[tp]
2022.07.25 01:00:01;Buy;0.17;AUDUSD;0.68849;;0.69127;2022.07.25 02:59:08;0.69127;;;47.26;[tp]
2022.07.24 22:15:00;Buy;0.14;AUDUSD;0.69233;;0.69127;2022.07.25 02:59:08;0.69127;;;-14.84;[tp]
2022.07.25 02:15:00;Buy;0.10;EURJPY;138.817;;138.892;2022.07.25 02:36:38;138.892;;;5.51;[tp]
2022.07.25 01:10:01;Sell;0.14;USDCHF;0.96368;;0.96293;2022.07.25 01:45:30;0.96293;;;10.90;[tp]
2022.07.24 22:10:00;Sell;0.10;EURJPY;139.062;;138.987;2022.07.25 00:40:27;138.987;;;5.50;[tp]
2022.07.24 21:10:55;Buy;0.14;USDCHF;0.96353;;0.96428;2022.07.25 00:36:27;0.96428;;;10.89;[tp]
2022.07.22 14:30:00;Buy;0.14;USDCHF;0.96181;;0.96256;2022.07.22 18:06:48;0.96256;;;10.91;[tp]
2022.07.22 14:35:02;Sell;0.14;EURUSD;1.02274;;1.02189;2022.07.22 15:19:13;1.02189;;;11.90;[tp]
2022.07.22 00:25:01;Buy;0.10;GBPUSD;1.19885;;1.19960;2022.07.22 13:45:00;1.19960;;;7.50;[tp]
2022.07.22 01:15:01;Buy;0.10;NZDUSD;0.62379;;0.62454;2022.07.22 10:52:22;0.62454;;;7.50;[tp]
2022.07.22 01:45:06;Sell;0.14;USDCHF;0.96712;;0.96637;2022.07.22 09:12:22;0.96637;;;10.87;[tp]
2022.07.22 07:50:05;Buy;0.14;AUDUSD;0.69059;;0.69164;2022.07.22 08:23:59;0.69164;;;14.70;[tp]
2022.07.22 07:50:02;Buy;0.14;CHFJPY;142.123;;142.208;2022.07.22 08:19:55;142.208;;;8.64;[tp]
2022.07.22 08:10:00;Buy;0.10;EURJPY;139.620;;139.695;2022.07.22 08:16:07;139.695;;;5.45;[tp]
2022.07.22 07:45:01;Buy;0.14;CHFJPY;142.006;;142.091;2022.07.22 07:48:25;142.091;;;8.65;[tp]
2022.07.22 07:15:01;Sell;0.14;AUDJPY;95.231;;95.131;2022.07.22 07:19:49;95.131;;;10.18;[tp]
2022.07.22 00:00:00;Buy;0.13;EURJPY;140.109;;140.644;2022.07.22 07:01:40;140.644;;;50.49;[tp]
2022.07.21 15:00:00;Buy;0.12;EURJPY;140.495;;140.644;2022.07.22 07:01:40;140.644;;;12.98;[tp]
2022.07.21 13:55:01;Buy;0.10;EURJPY;141.255;;140.644;2022.07.22 07:01:40;140.644;;;-44.35;[tp]
2022.07.21 14:45:02;Buy;0.10;CHFJPY;142.316;;142.401;2022.07.22 06:01:30;142.401;;-0.31;6.16;[tp]
2022.07.22 04:05:03;Balance;;;;;;;;;;1 001.30;
2022.07.21 22:10:01;Buy;0.14;USDCHF;0.96670;;0.96745;2022.07.22 01:21:39;0.96745;;;10.85;[tp]
2022.07.21 21:30:00;Sell;0.10;EURUSD;1.02243;;1.02158;2022.07.22 00:03:04;1.02158;;;8.50;[tp]
2022.07.21 13:55:00;Buy;0.10;EURUSD;1.02117;;1.02202;2022.07.21 20:23:29;1.02202;;;8.50;[tp]
2022.07.21 15:55:03;Sell;0.10;GBPUSD;1.19688;;1.19613;2022.07.21 16:01:02;1.19613;;;7.50;[tp]
2022.07.21 15:15:00;Sell;0.10;GBPUSD;1.19559;;1.19484;2022.07.21 15:24:47;1.19484;;;7.50;[tp]
2022.07.21 13:40:03;Buy;0.10;EURCHF;0.98901;;0.98976;2022.07.21 13:53:05;0.98976;;;7.73;[tp]
2022.07.21 13:50:00;Buy;0.10;EURJPY;141.043;;141.118;2022.07.21 13:51:47;141.118;;;5.42;[tp]
2022.07.21 13:45:00;Buy;0.10;GBPUSD;1.19054;;1.19129;2022.07.21 13:46:13;1.19129;;;7.50;[tp]
2022.07.21 13:40:00;Buy;0.10;GBPUSD;1.19049;;1.19124;2022.07.21 13:41:07;1.19124;;;7.50;[tp]
2022.07.21 12:55:01;Sell;0.10;NZDUSD;0.62186;;0.62111;2022.07.21 13:10:39;0.62111;;;7.50;[tp]
2022.07.21 09:15:01;Buy;0.11;NZDUSD;0.61884;;0.62138;2022.07.21 12:41:03;0.62138;;;27.94;[tp]
2022.07.21 06:40:00;Buy;0.10;NZDUSD;0.62259;;0.62138;2022.07.21 12:41:03;0.62138;;;-12.10;[tp]
2022.07.21 07:35:00;Buy;0.10;GBPUSD;1.19651;;1.19726;2022.07.21 12:39:57;1.19726;;;7.50;[tp]
2022.07.21 09:25:00;Buy;0.12;AUDUSD;0.68614;;0.68893;2022.07.21 12:37:52;0.68893;;;33.48;[tp]
2022.07.21 06:40:01;Buy;0.10;AUDUSD;0.68996;;0.68893;2022.07.21 12:37:52;0.68893;;;-10.30;[tp]
2022.07.21 08:35:00;Buy;0.10;EURUSD;1.01933;;1.02018;2022.07.21 12:07:05;1.02018;;;8.50;[tp]
2022.07.21 07:10:00;Buy;0.10;CHFJPY;142.502;;142.587;2022.07.21 09:02:05;142.587;;;6.13;[tp]
2022.07.21 08:20:00;Buy;0.10;EURJPY;141.079;;141.154;2022.07.21 08:30:46;141.154;;;5.41;[tp]
2022.07.21 06:10:00;Sell;0.12;EURUSD;1.02291;;1.02002;2022.07.21 07:50:41;1.02002;;;34.68;[tp]
2022.07.20 22:40:03;Sell;0.10;EURUSD;1.01842;;1.02002;2022.07.21 07:50:41;1.02002;;;-16.00;[tp]
2022.07.20 20:45:11;Buy;0.06;USDCHF;0.97178;;0.97253;2022.07.21 07:17:41;0.97253;;;4.63;[tp]
2022.07.21 02:10:06;Sell;0.10;GBPUSD;1.19829;;1.19754;2022.07.21 07:07:32;1.19754;;;7.50;[tp]
2022.07.21 05:20:01;Sell;0.10;NZDUSD;0.62370;;0.62295;2022.07.21 06:17:04;0.62295;;;7.50;[tp]
2022.07.21 05:53:01;Balance;;;;;;;;;;901.57;
2022.07.21 04:25:06;Buy;0.10;EURJPY;141.058;;141.133;2022.07.21 04:31:54;141.133;;;5.43;[tp]
2022.07.20 23:40:02;Buy;0.10;GBPUSD;1.19694;;1.19769;2022.07.21 01:39:11;1.19769;;;7.50;[tp]
2022.07.20 17:00:00;Buy;0.10;EURJPY;140.897;;140.972;2022.07.21 00:01:13;140.972;;;5.42;[tp]
2022.07.20 18:15:02;Buy;0.10;EURCHF;0.98870;;0.98945;2022.07.20 19:03:29;0.98945;;;7.72;[tp]
2022.07.19 09:45:03;Buy;0.06;USDCHF;0.96864;;0.97314;2022.07.20 16:45:58;0.97314;;;27.75;[tp]
2022.07.19 06:00:01;Buy;0.06;USDCHF;0.97614;;0.97314;2022.07.20 16:45:58;0.97314;;;-18.50;[tp]
2022.07.20 15:35:02;Buy;0.10;EURJPY;140.924;;140.999;2022.07.20 15:51:55;140.999;;;5.43;[tp]
2022.07.20 14:50:02;Sell;0.10;GBPUSD;1.19905;;1.19830;2022.07.20 15:25:46;1.19830;;;7.50;[tp]
2022.07.20 10:25:04;Sell;0.18;AUDUSD;0.69261;;0.68850;2022.07.20 14:05:53;0.68850;;;73.98;[tp]
2022.07.20 03:20:03;Sell;0.15;AUDUSD;0.69183;;0.68850;2022.07.20 14:05:53;0.68850;;;49.95;[tp]
2022.07.19 15:00:00;Sell;0.12;AUDUSD;0.69038;;0.68850;2022.07.20 14:05:53;0.68850;;;22.56;[tp]
2022.07.19 08:10:00;Sell;0.10;AUDUSD;0.68928;;0.68850;2022.07.20 14:05:53;0.68850;;;7.80;[tp]
2022.07.19 07:50:00;Sell;0.09;AUDUSD;0.68744;;0.68850;2022.07.20 14:05:53;0.68850;;;-9.54;[tp]
2022.07.19 05:35:04;Sell;0.07;AUDUSD;0.68537;;0.68850;2022.07.20 14:05:53;0.68850;;;-21.91;[tp]
2022.07.19 02:00:00;Sell;0.06;AUDUSD;0.68154;;0.68850;2022.07.20 14:05:53;0.68850;;;-41.76;[tp]
2022.07.20 13:45:00;Sell;0.10;EURJPY;141.162;;141.087;2022.07.20 13:57:09;141.087;;;5.43;[tp]
2022.07.20 13:40:02;Sell;0.10;GBPUSD;1.19954;;1.19879;2022.07.20 13:43:48;1.19879;;;7.50;[tp]
2022.07.20 13:21:43;Balance;;;;;;;;;;1 250.00;
2022.07.20 11:15:02;Buy;0.06;EURCHF;0.99044;;0.99119;2022.07.20 12:50:21;0.99119;;;4.64;[tp]
2022.07.20 11:15:01;Buy;0.08;EURJPY;141.048;;141.123;2022.07.20 12:50:21;141.123;;;4.35;[tp]
2022.07.20 12:05:01;Buy;0.06;EURUSD;1.01964;;1.02049;2022.07.20 12:50:06;1.02049;;;5.10;[tp]
2022.07.20 11:00:02;Buy;0.06;EURCHF;0.98973;;0.99048;2022.07.20 11:13:43;0.99048;;;4.64;[tp]
2022.07.20 11:00:01;Buy;0.08;EURJPY;140.927;;141.002;2022.07.20 11:07:19;141.002;;;4.34;[tp]
2022.07.19 14:40:02;Sell;0.06;EURCHF;0.99099;;0.99024;2022.07.20 10:37:40;0.99024;;;4.64;[tp]
2022.07.20 10:20:00;Sell;0.06;NZDUSD;0.62596;;0.62521;2022.07.20 10:35:00;0.62521;;;4.50;[tp]
2022.07.19 23:05:05;Sell;0.06;EURUSD;1.02345;;1.02260;2022.07.20 07:52:56;1.02260;;;5.10;[tp]
2022.07.20 06:55:01;Sell;0.06;CHFJPY;142.700;;142.615;2022.07.20 07:07:47;142.615;;;3.69;[tp]
2022.07.20 06:40:00;Buy;0.06;NZDUSD;0.62514;;0.62589;2022.07.20 07:05:12;0.62589;;;4.50;[tp]
2022.07.20 05:30:00;Buy;0.06;EURJPY;141.383;;141.458;2022.07.20 06:18:37;141.458;;;3.26;[tp]
2022.07.19 21:20:04;Buy;0.06;NZDUSD;0.62373;;0.62448;2022.07.20 02:36:43;0.62448;;;4.50;[tp]
2022.07.20 01:45:02;Buy;0.06;EURJPY;141.281;;141.356;2022.07.20 02:11:21;141.356;;;3.26;[tp]
2022.07.19 17:05:03;Buy;0.06;GBPUSD;1.20069;;1.20144;2022.07.20 00:27:08;1.20144;;;4.50;[tp]
2022.07.19 21:25:10;Buy;0.06;NZDJPY;86.184;;86.319;2022.07.20 00:16:43;86.319;;;5.85;[tp]
2022.07.19 20:05:01;Buy;0.06;EURJPY;141.336;;141.411;2022.07.19 22:31:08;141.411;;;3.26;[tp]
2022.07.19 10:30:02;Sell;0.03;AUDCAD;0.89304;;0.88738;2022.07.19 20:00:00;0.88805;;;11.63;
2022.07.19 18:50:00;Buy;0.06;NZDUSD;0.62205;;0.62280;2022.07.19 19:26:28;0.62280;;;4.50;[tp]
2022.07.19 13:15:16;Buy;0.06;EURCHF;0.99041;;0.99116;2022.07.19 14:13:59;0.99116;;;4.66;[tp]
2022.07.19 13:15:00;Buy;0.06;EURUSD;1.02446;;1.02531;2022.07.19 13:50:36;1.02531;;;5.10;[tp]
2022.07.19 12:30:04;Buy;0.06;NZDUSD;0.62246;;0.62321;2022.07.19 13:10:02;0.62321;;;4.50;[tp]
2022.07.19 12:35:00;Buy;0.06;GBPUSD;1.20115;;1.20190;2022.07.19 13:09:43;1.20190;;;4.50;[tp]
2022.07.19 13:00:00;Buy;0.06;EURJPY;140.806;;140.881;2022.07.19 13:08:58;140.881;;;3.27;[tp]
2022.07.19 12:30:05;Buy;0.06;GBPUSD;1.20050;;1.20125;2022.07.19 12:32:27;1.20125;;;4.50;[tp]
2022.07.19 07:45:02;Sell;0.06;EURCHF;0.99220;;0.99145;2022.07.19 12:20:16;0.99145;;;4.65;[tp]
2022.07.18 17:05:02;Buy;0.06;GBPUSD;1.19798;;1.19873;2022.07.19 07:20:55;1.19873;;;4.50;[tp]
2022.07.18 17:45:07;Buy;0.06;EURJPY;140.320;;140.395;2022.07.19 07:18:14;140.395;;;3.26;[tp]
2022.07.18 18:40:04;Buy;0.06;EURUSD;1.01599;;1.01684;2022.07.19 06:49:15;1.01684;;;5.10;[tp]
2022.07.18 15:30:01;Buy;0.06;NZDUSD;0.61705;;0.61780;2022.07.19 04:48:48;0.61780;;;4.50;[tp]
2022.07.18 23:50:02;Sell;0.06;USDCHF;0.97761;;0.97686;2022.07.19 04:48:02;0.97686;;;4.61;[tp]
2022.07.19 04:10:03;Buy;0.06;CHFJPY;141.154;;141.239;2022.07.19 04:37:53;141.239;;;3.70;[tp]
2022.07.19 04:04:32;Balance;;;;;;;;;;500.26;
2022.07.18 20:00:01;Buy;0.06;AUDJPY;94.072;;94.172;2022.07.18 23:43:43;94.172;;;4.34;[tp]
2022.07.18 17:45:02;Buy;0.06;CHFJPY;141.344;;141.429;2022.07.18 23:43:08;141.429;;-0.19;3.68;[tp]
2022.07.18 13:55:00;Sell;0.08;GBPUSD;1.20029;;1.19760;2022.07.18 16:55:15;1.19760;;;21.52;[tp]
2022.07.18 07:45:00;Sell;0.03;GBPUSD;1.19319;;1.19760;2022.07.18 16:55:15;1.19760;;;-13.23;[tp]
2022.07.18 15:10:01;Sell;0.06;EURUSD;1.01788;;1.01703;2022.07.18 15:20:20;1.01703;;;5.10;[tp]
2022.07.18 15:05:00;Buy;0.06;USDCHF;0.97454;;0.97529;2022.07.18 15:09:48;0.97529;;;4.61;[tp]
2022.07.18 14:30:00;Sell;0.06;CHFJPY;141.735;;141.650;2022.07.18 15:05:54;141.650;;;3.69;[tp]
2022.07.18 12:35:00;Buy;0.06;NZDUSD;0.61647;;0.61722;2022.07.18 12:52:05;0.61722;;;4.50;[tp]
2022.07.18 12:35:01;Buy;0.06;EURJPY;140.099;;140.174;2022.07.18 12:45:55;140.174;;;3.25;[tp]
2022.07.18 12:30:00;Buy;0.06;EURJPY;140.059;;140.134;2022.07.18 12:32:36;140.134;;;3.25;[tp]
2022.07.18 10:00:01;Sell;0.04;EURUSD;1.01553;;1.01201;2022.07.18 12:26:40;1.01201;;;14.08;[tp]
2022.07.18 07:15:00;Sell;0.04;EURUSD;1.01371;;1.01201;2022.07.18 12:26:40;1.01201;;;6.80;[tp]
2022.07.17 21:15:38;Sell;0.03;EURUSD;1.00816;;1.01201;2022.07.18 12:26:40;1.01201;;;-11.55;[tp]
2022.07.18 07:35:01;Sell;0.02;NZDUSD;0.61741;;0.61666;2022.07.18 11:43:56;0.61666;;;1.50;[tp]
2022.07.18 10:35:01;Buy;0.06;USDCHF;0.97527;;0.97602;2022.07.18 10:39:54;0.97602;;;4.61;[tp]
2022.07.18 10:30:01;Sell;0.06;CHFJPY;141.816;;141.731;2022.07.18 10:34:52;141.731;;;3.69;[tp]
2022.07.18 10:13:42;Balance;;;;;;;;;;1 250.00;
2022.07.18 08:10:01;Sell;0.03;EURJPY;139.976;;139.901;2022.07.18 08:20:28;139.901;;;1.63;[tp]
2022.07.18 07:45:02;Sell;0.03;EURJPY;139.989;;139.914;2022.07.18 08:08:18;139.914;;;1.63;[tp]
2022.07.18 04:10:05;Sell;0.03;USDCHF;0.97539;;0.97464;2022.07.18 07:24:33;0.97464;;;2.31;[tp]
2022.07.18 06:45:01;Buy;0.03;CHFJPY;141.623;;141.708;2022.07.18 07:16:43;141.708;;;1.84;[tp]
2022.07.18 01:05:01;Buy;0.03;AUDUSD;0.68124;;0.68229;2022.07.18 07:13:23;0.68229;;;3.15;[tp]
2022.07.18 06:25:01;Buy;0.03;EURCHF;0.98452;;0.98527;2022.07.18 06:38:39;0.98527;;;2.30;[tp]
2022.07.18 05:55:00;Sell;0.03;GBPUSD;1.18978;;1.18903;2022.07.18 06:02:28;1.18903;;;2.25;[tp]
2022.07.18 01:25:00;Sell;0.04;NZDUSD;0.61997;;0.61574;2022.07.18 05:56:14;0.61574;;;16.92;[tp]
2022.07.17 23:55:03;Sell;0.03;NZDUSD;0.61860;;0.61574;2022.07.18 05:56:14;0.61574;;;8.58;[tp]
2022.07.17 23:20:02;Sell;0.03;NZDUSD;0.61771;;0.61574;2022.07.18 05:56:14;0.61574;;;5.91;[tp]
2022.07.15 13:10:01;Sell;0.03;NZDUSD;0.61643;;0.61574;2022.07.18 05:56:14;0.61574;;;2.07;[tp]
2022.07.15 12:40:01;Sell;0.02;NZDUSD;0.61505;;0.61574;2022.07.18 05:56:14;0.61574;;;-1.38;[tp]
2022.07.14 18:40:00;Sell;0.02;NZDUSD;0.61332;;0.61574;2022.07.18 05:56:14;0.61574;;;-4.84;[tp]
2022.07.14 15:15:01;Sell;0.02;NZDUSD;0.60925;;0.61574;2022.07.18 05:56:14;0.61574;;;-12.98;[tp]
2022.07.18 05:00:00;Buy;0.03;GBPUSD;1.18867;;1.18942;2022.07.18 05:31:59;1.18942;;;2.25;[tp]
2022.07.18 04:05:00;Sell;0.03;EURCHF;0.98551;;0.98476;2022.07.18 04:47:28;0.98476;;;2.31;[tp]
2022.07.18 04:05:00;Sell;0.03;EURJPY;139.762;;139.687;2022.07.18 04:15:10;139.687;;;1.63;[tp]
2022.07.18 00:25:00;Buy;0.03;EURJPY;139.587;;139.662;2022.07.18 03:13:23;139.662;;;1.63;[tp]
2022.07.17 22:35:01;Buy;0.03;EURJPY;139.626;;139.701;2022.07.17 23:36:41;139.701;;;1.63;[tp]
2022.07.17 21:36:05;Buy;0.03;AUDUSD;0.67919;;0.68024;2022.07.17 22:57:36;0.68024;;;3.15;[tp]
2022.07.15 18:05:00;Buy;0.03;EURJPY;139.608;;139.683;2022.07.15 18:45:10;139.683;;;1.63;[tp]
2022.07.15 17:30:04;Buy;0.03;USDCHF;0.97729;;0.97804;2022.07.15 18:02:48;0.97804;;;2.30;[tp]
2022.07.15 16:45:00;Buy;0.03;GBPUSD;1.18474;;1.18549;2022.07.15 17:00:00;1.18549;;;2.25;[tp]
2022.07.15 16:05:00;Buy;0.03;USDCHF;0.97792;;0.97867;2022.07.15 16:29:43;0.97867;;;2.30;[tp]
2022.07.15 14:05:01;Buy;0.03;EURJPY;139.598;;139.673;2022.07.15 14:55:49;139.673;;;1.62;[tp]
2022.07.15 14:05:00;Sell;0.03;USDCHF;0.97996;;0.97921;2022.07.15 14:28:15;0.97921;;;2.30;[tp]
2022.07.15 11:10:01;Sell;0.03;EURJPY;139.476;;139.401;2022.07.15 13:59:10;139.401;;;1.62;[tp]
2022.07.15 13:20:00;Sell;0.03;AUDJPY;93.947;;93.847;2022.07.15 13:47:07;93.847;;;2.16;[tp]
2022.07.15 11:45:00;Sell;0.03;EURUSD;1.00579;;1.00494;2022.07.15 12:32:13;1.00494;;;2.55;[tp]
2022.07.15 09:35:01;Buy;0.03;USDCHF;0.97971;;0.98046;2022.07.15 12:32:01;0.98046;;;2.29;[tp]
2022.07.15 06:40:01;Buy;0.03;EURCHF;0.98496;;0.98571;2022.07.15 12:29:06;0.98571;;;2.30;[tp]
2022.07.15 11:00:01;Sell;0.03;GBPUSD;1.18403;;1.18328;2022.07.15 11:11:33;1.18328;;;2.25;[tp]
2022.07.15 10:05:01;Sell;0.03;EURJPY;139.282;;139.207;2022.07.15 10:24:53;139.207;;;1.63;[tp]
2022.07.15 09:45:02;Sell;0.03;EURJPY;139.381;;139.306;2022.07.15 10:01:36;139.306;;;1.62;[tp]
2022.07.15 04:25:07;Buy;0.02;EURUSD;1.00275;;1.00360;2022.07.15 09:06:33;1.00360;;;1.70;[tp]
2022.07.15 08:10:03;Sell;0.03;CHFJPY;141.548;;141.463;2022.07.15 08:35:14;141.463;;;1.84;[tp]
2022.07.15 07:55:01;Sell;0.02;GBPUSD;1.18338;;1.18263;2022.07.15 08:10:48;1.18263;;;1.50;[tp]
2022.07.15 07:50:01;Sell;0.03;EURJPY;139.257;;139.182;2022.07.15 07:56:48;139.182;;;1.62;[tp]
2022.07.15 06:20:00;Buy;0.03;EURJPY;139.206;;139.281;2022.07.15 07:39:01;139.281;;;1.62;[tp]
2022.07.15 03:45:01;Buy;0.02;GBPUSD;1.18335;;1.18410;2022.07.15 07:36:34;1.18410;;;1.50;[tp]
2022.07.15 06:20:00;Buy;0.03;CHFJPY;141.260;;141.345;2022.07.15 07:28:42;141.345;;;1.84;[tp]
2022.07.15 04:25:08;Sell;0.02;USDCHF;0.98281;;0.98206;2022.07.15 07:15:58;0.98206;;;1.53;[tp]
2022.07.14 18:25:01;Sell;0.02;AUDUSD;0.67502;;0.67204;2022.07.15 06:37:28;0.67204;;;5.96;[tp]
2022.07.14 15:15:00;Sell;0.02;AUDUSD;0.67116;;0.67204;2022.07.15 06:37:28;0.67204;;;-1.76;[tp]
2022.07.15 06:01:26;Balance;;;;;;;;;;500.06;
2022.07.15 00:40:00;Buy;0.02;GBPUSD;1.18245;;1.18320;2022.07.15 01:00:50;1.18320;;;1.50;[tp]
2022.07.15 00:50:01;Buy;0.02;EURJPY;139.187;;139.262;2022.07.15 00:53:28;139.262;;;1.08;[tp]
2022.07.14 20:05:00;Buy;0.02;EURJPY;139.162;;139.237;2022.07.14 20:55:28;139.237;;;1.08;[tp]
2022.07.14 19:10:01;Sell;0.02;AUDJPY;93.738;;93.638;2022.07.14 19:35:00;93.638;;;1.44;[tp]
2022.07.14 18:55:00;Sell;0.02;GBPUSD;1.18300;;1.18225;2022.07.14 19:10:21;1.18225;;;1.50;[tp]
2022.07.14 17:25:02;Buy;0.02;EURJPY;138.916;;138.991;2022.07.14 17:28:40;138.991;;;1.08;[tp]
2022.07.14 17:10:01;Buy;0.02;EURJPY;138.873;;138.948;2022.07.14 17:19:10;138.948;;;1.08;[tp]
2022.07.14 15:55:00;Sell;0.02;GBPUSD;1.18282;;1.18207;2022.07.14 16:01:12;1.18207;;;1.50;[tp]
2022.07.14 13:30:00;Buy;0.03;GBPUSD;1.17886;;1.18387;2022.07.14 15:43:04;1.18387;;;15.03;[tp]
2022.07.14 11:00:00;Buy;0.03;GBPUSD;1.18289;;1.18387;2022.07.14 15:43:04;1.18387;;;2.94;[tp]
2022.07.13 19:30:00;Buy;0.02;GBPUSD;1.18987;;1.18387;2022.07.14 15:43:04;1.18387;;;-12.00;[tp]
2022.07.14 11:35:18;Buy;0.02;EURCHF;0.98543;;0.98618;2022.07.14 15:03:43;0.98618;;;1.52;[tp]
2022.07.14 13:55:01;Buy;0.02;CHFJPY;141.202;;141.287;2022.07.14 14:41:46;141.287;;;1.22;[tp]
2022.07.14 13:45:03;Buy;0.03;EURUSD;0.99539;;0.99919;2022.07.14 14:40:41;0.99919;;;11.40;[tp]
2022.07.14 13:30:00;Buy;0.03;EURUSD;0.99724;;0.99919;2022.07.14 14:40:41;0.99919;;;5.85;[tp]
2022.07.14 13:25:00;Buy;0.02;EURUSD;0.99856;;0.99919;2022.07.14 14:40:41;0.99919;;;1.26;[tp]
2022.07.14 00:10:01;Buy;0.02;EURUSD;1.00421;;0.99919;2022.07.14 14:40:41;0.99919;;;-10.04;[tp]
2022.07.14 14:00:00;Buy;0.02;EURJPY;138.873;;138.948;2022.07.14 14:25:26;138.948;;;1.08;[tp]
2022.07.14 13:55:00;Buy;0.02;EURJPY;138.765;;138.840;2022.07.14 13:55:48;138.840;;;1.08;[tp]
2022.07.14 11:55:01;Buy;0.02;EURJPY;139.033;;139.108;2022.07.14 12:16:50;139.108;;;1.08;[tp]
2022.07.14 09:05:00;Buy;0.02;NZDUSD;0.61006;;0.61081;2022.07.14 09:50:32;0.61081;;;1.50;[tp]
2022.07.14 08:35:00;Sell;0.03;CHFJPY;141.431;;140.979;2022.07.14 09:27:39;140.979;;;9.78;[tp]
2022.07.14 06:25:01;Sell;0.02;CHFJPY;141.113;;140.979;2022.07.14 09:27:39;140.979;;;1.94;[tp]
2022.07.14 01:15:02;Sell;0.02;CHFJPY;140.463;;140.979;2022.07.14 09:27:39;140.979;;;-7.44;[tp]
2022.07.14 06:05:00;Buy;0.02;NZDUSD;0.61179;;0.61254;2022.07.14 07:01:07;0.61254;;;1.50;[tp]
2022.07.14 03:20:02;Sell;0.02;NZDUSD;0.61255;;0.61180;2022.07.14 05:43:50;0.61180;;;1.50;[tp]
2022.07.14 03:45:02;Buy;0.02;USDCHF;0.98149;;0.98224;2022.07.14 04:58:13;0.98224;;;1.53;[tp]
2022.07.13 23:55:04;Buy;0.02;AUDUSD;0.67330;;0.67631;2022.07.14 02:04:52;0.67631;;;6.02;[tp]
2022.07.13 18:25:00;Buy;0.02;AUDUSD;0.67721;;0.67631;2022.07.14 02:04:52;0.67631;;;-1.80;[tp]
2022.07.13 21:05:00;Sell;0.02;EURJPY;138.157;;138.082;2022.07.13 23:40:45;138.082;;;1.09;[tp]
2022.07.13 21:41:11;Buy;0.01;USDCHF;0.97917;;0.97992;2022.07.13 23:35:21;0.97992;;;0.77;[tp]
2022.07.13 18:30:00;Buy;0.02;EURJPY;138.165;;138.240;2022.07.13 18:41:45;138.240;;;1.10;[tp]
2022.07.13 17:55:18;Balance;;;;;;;;;;-0.03;
2022.07.13 17:55:18;Balance;;;;;;;;;;-100.00;
2022.07.13 17:30:04;Buy;0.02;EURJPY;138.280;;138.355;2022.07.13 17:52:51;138.355;;;1.10;[tp]
2022.07.13 15:30:00;Sell;0.02;NZDJPY;84.547;;84.412;2022.07.13 16:43:05;84.412;;;1.97;[tp]
2022.07.13 15:30:02;Sell;0.02;NZDUSD;0.61562;;0.61487;2022.07.13 15:45:36;0.61487;;;1.50;[tp]
2022.07.13 15:25:02;Sell;0.02;EURUSD;1.00905;;1.00820;2022.07.13 15:39:55;1.00820;;;1.70;[tp]
2022.07.13 15:20:00;Sell;0.02;GBPUSD;1.19382;;1.19307;2022.07.13 15:25:04;1.19307;;;1.50;[tp]
2022.07.13 12:55:00;Buy;0.02;NZDJPY;84.046;;84.181;2022.07.13 14:44:39;84.181;;;1.97;[tp]
2022.07.13 12:55:01;Buy;0.02;NZDUSD;0.61101;;0.61176;2022.07.13 13:13:20;0.61176;;;1.50;[tp]
2022.07.13 12:55:01;Buy;0.02;AUDJPY;92.887;;92.987;2022.07.13 13:13:12;92.987;;;1.45;[tp]
2022.07.13 12:55:01;Buy;0.02;AUDUSD;0.67529;;0.67634;2022.07.13 13:12:58;0.67634;;;2.10;[tp]
2022.07.13 12:55:00;Buy;0.02;GBPUSD;1.18652;;1.18727;2022.07.13 13:11:43;1.18727;;;1.50;[tp]
2022.07.13 12:50:01;Buy;0.02;NZDJPY;83.943;;84.078;2022.07.13 12:50:54;84.078;;;1.97;[tp]
2022.07.13 12:50:01;Buy;0.02;AUDJPY;92.830;;92.930;2022.07.13 12:50:39;92.930;;;1.46;[tp]
2022.07.13 12:50:00;Buy;0.02;AUDUSD;0.67496;;0.67601;2022.07.13 12:50:39;0.67601;;;2.10;[tp]
2022.07.13 12:50:01;Buy;0.02;GBPUSD;1.18686;;1.18761;2022.07.13 12:50:32;1.18761;;;1.50;[tp]
2022.07.13 11:45:01;Sell;0.02;NZDUSD;0.61511;;0.61251;2022.07.13 12:30:02;0.61251;;;5.20;[tp]
2022.07.13 10:40:00;Sell;0.03;AUDUSD;0.67927;;0.67577;2022.07.13 12:30:02;0.67577;;;10.50;[tp]
2022.07.12 15:15:02;Sell;0.02;AUDUSD;0.67710;;0.67577;2022.07.13 12:30:02;0.67577;;;2.66;[tp]
2022.07.12 10:20:00;Sell;0.02;AUDUSD;0.67287;;0.67577;2022.07.13 12:30:02;0.67577;;;-5.80;[tp]
2022.07.12 10:20:00;Sell;0.02;NZDUSD;0.61140;;0.61251;2022.07.13 12:30:02;0.61251;;;-2.22;[tp]
2022.07.13 11:00:00;Sell;0.02;GBPUSD;1.19164;;1.19089;2022.07.13 12:30:01;1.19025;;;2.78;[tp]
2022.07.13 09:00:00;Buy;0.02;GBPUSD;1.18907;;1.18982;2022.07.13 09:48:00;1.18982;;;1.50;[tp]
2022.07.12 09:35:02;Sell;0.02;USDCHF;0.98552;;0.97828;2022.07.13 08:23:03;0.97828;;;14.80;[tp]
2022.07.12 07:10:00;Sell;0.02;USDCHF;0.98454;;0.97828;2022.07.13 08:23:03;0.97828;;;12.80;[tp]
2022.07.11 13:40:00;Sell;0.02;USDCHF;0.98387;;0.97828;2022.07.13 08:23:03;0.97828;;;11.43;[tp]
2022.07.11 13:15:02;Sell;0.02;USDCHF;0.98291;;0.97828;2022.07.13 08:23:03;0.97828;;;9.47;[tp]
2022.07.11 09:50:00;Sell;0.02;USDCHF;0.98170;;0.97828;2022.07.13 08:23:03;0.97828;;;6.99;[tp]
2022.07.11 09:40:01;Sell;0.02;USDCHF;0.98081;;0.97828;2022.07.13 08:23:03;0.97828;;;5.17;[tp]
2022.07.11 01:50:01;Sell;0.01;USDCHF;0.97958;;0.97828;2022.07.13 08:23:03;0.97828;;;1.33;[tp]
2022.07.08 12:50:00;Sell;0.01;USDCHF;0.97910;;0.97828;2022.07.13 08:23:03;0.97828;;;0.84;[tp]
2022.07.08 07:45:01;Sell;0.01;USDCHF;0.97969;;0.97828;2022.07.13 08:23:03;0.97828;;;1.44;[tp]
2022.07.08 07:20:00;Sell;0.01;USDCHF;0.97613;;0.97828;2022.07.13 08:23:03;0.97828;;;-2.20;[tp]
2022.07.07 19:10:01;Sell;0.01;USDCHF;0.97479;;0.97828;2022.07.13 08:23:03;0.97828;;;-3.57;[tp]
2022.07.06 14:05:01;Sell;0.01;USDCHF;0.97320;;0.97828;2022.07.13 08:23:03;0.97828;;;-5.19;[tp]
2022.07.06 10:05:00;Sell;0.01;USDCHF;0.97071;;0.97828;2022.07.13 08:23:03;0.97828;;;-7.74;[tp]
2022.07.05 13:25:01;Sell;0.01;USDCHF;0.96731;;0.97828;2022.07.13 08:23:03;0.97828;;;-11.21;[tp]
2022.07.05 07:45:01;Sell;0.01;USDCHF;0.96045;;0.97828;2022.07.13 08:23:03;0.97828;;;-18.23;[tp]
2022.07.13 07:30:02;Buy;0.02;EURUSD;1.00106;;1.00350;2022.07.13 07:59:28;1.00350;;;4.88;[tp]
2022.07.12 17:45:06;Buy;0.01;EURUSD;1.00584;;1.00350;2022.07.13 07:59:28;1.00350;;;-2.34;[tp]
2022.07.13 07:45:01;Buy;0.02;EURJPY;137.306;;137.381;2022.07.13 07:53:48;137.381;;;1.10;[tp]
2022.07.13 07:50:01;Buy;0.02;GBPUSD;1.18964;;1.19039;2022.07.13 07:53:43;1.19039;;;1.50;[tp]
2022.07.13 05:25:06;Buy;0.02;EURJPY;137.472;;137.547;2022.07.13 06:00:08;137.547;;;1.10;[tp]
2022.07.13 03:20:01;Sell;0.02;GBPUSD;1.19043;;1.18968;2022.07.13 05:52:33;1.18968;;;1.50;[tp]
2022.07.12 19:50:01;Buy;0.02;GBPUSD;1.18895;;1.18970;2022.07.13 02:39:11;1.18970;;;1.50;[tp]
2022.07.13 01:25:00;Sell;0.02;EURJPY;137.567;;137.492;2022.07.13 01:43:30;137.492;;;1.09;[tp]
2022.07.12 19:15:01;Buy;0.02;EURJPY;137.408;;137.483;2022.07.13 01:01:13;137.483;;;1.10;[tp]
2022.07.12 21:23:15;Buy;0.01;CHFJPY;139.290;;139.375;2022.07.13 00:35:39;139.375;;-0.04;0.62;[tp]
2022.07.12 11:05:00;Buy;0.02;CHFJPY;138.847;;139.315;2022.07.12 14:56:05;139.315;;;6.85;[tp]
2022.07.12 09:55:02;Buy;0.01;CHFJPY;139.051;;139.315;2022.07.12 14:56:05;139.315;;;1.93;[tp]
2022.07.12 08:45:00;Buy;0.01;CHFJPY;139.385;;139.315;2022.07.12 14:56:05;139.315;;;-0.51;[tp]
2022.07.11 19:25:01;Buy;0.01;CHFJPY;140.020;;139.315;2022.07.12 14:56:05;139.315;;-0.04;-5.16;[tp]
2022.07.12 11:30:01;Sell;0.02;EURJPY;137.358;;137.283;2022.07.12 11:54:32;137.283;;;1.09;[tp]
2022.07.12 11:45:01;Sell;0.01;EURUSD;1.00445;;1.00360;2022.07.12 11:54:31;1.00360;;;0.85;[tp]
2022.07.12 11:40:00;Sell;0.02;GBPUSD;1.18654;;1.18579;2022.07.12 11:46:06;1.18579;;;1.50;[tp]
2022.07.12 08:10:03;Buy;0.06;GBPUSD;1.18240;;1.18784;2022.07.12 11:23:26;1.18784;;;32.64;[tp]
2022.07.12 05:15:00;Buy;0.05;GBPUSD;1.18604;;1.18784;2022.07.12 11:23:26;1.18784;;;9.00;[tp]
2022.07.11 14:20:00;Buy;0.02;GBPUSD;1.18818;;1.18784;2022.07.12 11:23:26;1.18784;;;-0.68;[tp]
2022.07.11 12:40:01;Buy;0.02;GBPUSD;1.19082;;1.18784;2022.07.12 11:23:26;1.18784;;;-5.96;[tp]
2022.07.11 08:05:00;Buy;0.01;GBPUSD;1.19562;;1.18784;2022.07.12 11:23:26;1.18784;;;-7.78;[tp]
2022.07.10 23:35:02;Buy;0.01;GBPUSD;1.20234;;1.18784;2022.07.12 11:23:26;1.18784;;;-14.50;[tp]
2022.07.12 07:50:00;Buy;0.02;AUDUSD;0.67184;;0.67289;2022.07.12 10:00:42;0.67289;;;2.10;[tp]
2022.07.12 08:30:02;Buy;0.02;EURCHF;0.98459;;0.98534;2022.07.12 08:36:31;0.98534;;;1.53;[tp]
2022.07.12 07:15:00;Sell;0.02;NZDUSD;0.61087;;0.61012;2022.07.12 08:18:11;0.61012;;;1.50;[tp]
2022.07.12 06:05:00;Sell;0.02;EURJPY;137.558;;137.483;2022.07.12 07:09:25;137.483;;;1.09;[tp]
2022.07.12 06:45:02;Sell;0.02;EURCHF;0.98692;;0.98617;2022.07.12 06:55:28;0.98617;;;1.52;[tp]
2022.07.12 01:35:02;Buy;0.02;EURCHF;0.98555;;0.98630;2022.07.12 06:23:07;0.98630;;;1.53;[tp]
2022.07.12 05:00:01;Buy;0.01;EURUSD;1.00158;;1.00243;2022.07.12 06:11:59;1.00243;;;0.85;[tp]
2022.07.12 01:35:01;Buy;0.01;AUDJPY;92.355;;92.455;2022.07.12 05:43:06;92.455;;;0.73;[tp]
2022.07.12 01:25:01;Buy;0.01;NZDUSD;0.61074;;0.61149;2022.07.12 01:32:13;0.61149;;;0.75;[tp]
2022.07.11 23:35:09;Sell;0.01;NZDUSD;0.61159;;0.61084;2022.07.12 01:05:53;0.61084;;;0.75;[tp]
2022.07.11 22:40:48;Sell;0.01;EURUSD;1.00417;;1.00332;2022.07.12 01:04:26;1.00332;;;0.85;[tp]
2022.07.11 20:35:02;Sell;0.02;EURCHF;0.98711;;0.98636;2022.07.12 00:50:17;0.98636;;;1.53;[tp]
2022.07.11 23:25:00;Sell;0.02;AUDUSD;0.67403;;0.67298;2022.07.12 00:49:41;0.67298;;;2.10;[tp]
2022.07.11 18:50:28;Balance;;;;;;;;;;292.89;
2022.07.11 15:00:00;Sell;0.01;NZDUSD;0.61243;;0.61168;2022.07.11 16:30:25;0.61168;;;0.75;[tp]
2022.07.11 13:40:01;Buy;0.02;NZDUSD;0.60991;;0.61332;2022.07.11 14:53:49;0.61332;;;6.82;[tp]
2022.07.11 13:15:01;Buy;0.01;NZDUSD;0.61066;;0.61332;2022.07.11 14:53:49;0.61332;;;2.66;[tp]
2022.07.11 12:40:00;Buy;0.01;NZDUSD;0.61147;;0.61332;2022.07.11 14:53:49;0.61332;;;1.85;[tp]
2022.07.11 11:50:01;Buy;0.01;NZDUSD;0.61287;;0.61332;2022.07.11 14:53:49;0.61332;;;0.45;[tp]
2022.07.11 10:00:01;Buy;0.01;NZDUSD;0.61457;;0.61332;2022.07.11 14:53:49;0.61332;;;-1.25;[tp]
2022.07.10 21:35:13;Buy;0.01;NZDUSD;0.61863;;0.61332;2022.07.11 14:53:49;0.61332;;;-5.31;[tp]
2022.07.11 13:50:00;Buy;0.02;EURUSD;1.00567;;1.00898;2022.07.11 14:53:25;1.00898;;;6.62;[tp]
2022.07.11 13:15:00;Buy;0.01;EURUSD;1.00569;;1.00898;2022.07.11 14:53:25;1.00898;;;3.29;[tp]
2022.07.11 11:35:04;Buy;0.01;EURUSD;1.00965;;1.00898;2022.07.11 14:53:25;1.00898;;;-0.67;[tp]
2022.07.11 06:40:00;Buy;0.01;EURUSD;1.01397;;1.00898;2022.07.11 14:53:25;1.00898;;;-4.99;[tp]
2022.07.11 12:20:01;Sell;0.01;CHFJPY;139.990;;139.905;2022.07.11 13:38:43;139.905;;;0.62;[tp]
2022.07.11 07:15:01;Buy;0.01;EURJPY;138.627;;138.702;2022.07.11 12:07:46;138.702;;;0.55;[tp]
2022.07.08 16:10:10;Sell;0.01;EURCHF;0.99528;;0.99244;2022.07.11 06:52:22;0.99244;;;2.90;[tp]
2022.07.08 13:40:01;Sell;0.01;EURCHF;0.99384;;0.99244;2022.07.11 06:52:22;0.99244;;;1.43;[tp]
2022.07.08 10:55:00;Sell;0.01;EURCHF;0.99044;;0.99244;2022.07.11 06:52:22;0.99244;;;-2.04;[tp]
2022.07.11 06:30:01;Buy;0.01;EURJPY;138.840;;138.915;2022.07.11 06:36:19;138.915;;;0.55;[tp]
2022.07.11 02:10:01;Buy;0.01;EURUSD;1.01431;;1.01516;2022.07.11 02:34:10;1.01516;;;0.85;[tp]
2022.07.10 21:15:01;Sell;0.01;EURUSD;1.01791;;1.01706;2022.07.10 23:22:00;1.01706;;;0.85;[tp]
2022.07.08 16:50:00;Buy;0.01;NZDUSD;0.61782;;0.61857;2022.07.08 18:21:54;0.61857;;;0.75;[tp]
2022.07.08 13:55:00;Sell;0.01;AUDJPY;93.115;;93.015;2022.07.08 14:01:00;93.015;;;0.73;[tp]
2022.07.08 13:20:00;Sell;0.01;EURJPY;138.564;;138.117;2022.07.08 14:00:26;138.117;;;3.28;[tp]
2022.07.08 10:55:01;Sell;0.01;EURJPY;137.819;;138.117;2022.07.08 14:00:26;138.117;;;-2.19;[tp]
2022.07.08 12:50:00;Buy;0.01;NZDUSD;0.61331;;0.61618;2022.07.08 13:22:42;0.61618;;;2.87;[tp]
2022.07.08 03:15:00;Buy;0.01;NZDUSD;0.61754;;0.61618;2022.07.08 13:22:42;0.61618;;;-1.36;[tp]
2022.07.08 13:00:01;Buy;0.01;GBPUSD;1.19878;;1.19953;2022.07.08 13:01:36;1.19953;;;0.75;[tp]
2022.07.08 12:55:01;Buy;0.01;GBPUSD;1.19737;;1.19812;2022.07.08 12:55:52;1.19812;;;0.75;[tp]
2022.07.08 07:35:01;Buy;0.01;CHFJPY;138.885;;139.313;2022.07.08 12:34:05;139.313;;;3.14;[tp]
2022.07.08 02:55:01;Buy;0.01;CHFJPY;139.570;;139.313;2022.07.08 12:34:05;139.313;;;-1.89;[tp]
2022.07.08 10:35:00;Sell;0.01;GBPUSD;1.19827;;1.19752;2022.07.08 12:31:07;1.19752;;;0.75;[tp]
2022.07.08 02:55:01;Buy;0.01;EURCHF;0.98982;;0.99057;2022.07.08 10:44:22;0.99057;;;0.76;[tp]
2022.07.08 07:45:00;Buy;0.02;GBPUSD;1.19290;;1.19707;2022.07.08 10:08:41;1.19707;;;8.34;[tp]
2022.07.08 07:30:00;Buy;0.01;GBPUSD;1.19617;;1.19707;2022.07.08 10:08:41;1.19707;;;0.90;[tp]
2022.07.08 03:15:01;Buy;0.01;GBPUSD;1.20331;;1.19707;2022.07.08 10:08:41;1.19707;;;-6.24;[tp]
2022.07.08 09:50:00;Sell;0.01;EURJPY;137.522;;137.447;2022.07.08 09:59:14;137.447;;;0.55;[tp]
2022.07.08 07:40:00;Buy;0.01;EURJPY;137.055;;137.595;2022.07.08 09:42:42;137.595;;;3.98;[tp]
2022.07.08 07:30:01;Buy;0.01;EURJPY;137.391;;137.595;2022.07.08 09:42:42;137.595;;;1.50;[tp]
2022.07.08 02:55:01;Buy;0.01;EURJPY;138.113;;137.595;2022.07.08 09:42:42;137.595;;;-3.81;[tp]
2022.07.08 08:00:01;Buy;0.01;EURUSD;1.01093;;1.01178;2022.07.08 08:44:25;1.01178;;;0.85;[tp]
2022.07.08 06:10:01;Sell;0.01;EURUSD;1.01576;;1.01491;2022.07.08 07:10:13;1.01491;;;0.85;[tp]
2022.07.08 04:40:03;Buy;0.01;EURUSD;1.01499;;1.01584;2022.07.08 05:57:53;1.01584;;;0.85;[tp]
2022.07.07 18:50:00;Sell;0.01;EURUSD;1.01599;;1.01514;2022.07.08 04:07:27;1.01514;;;0.85;[tp]
2022.07.07 22:20:00;Sell;0.01;NZDUSD;0.61776;;0.61701;2022.07.08 03:02:56;0.61701;;;0.75;[tp]
2022.07.07 18:45:01;Sell;0.01;AUDJPY;93.045;;92.945;2022.07.08 02:44:55;92.945;;;0.73;[tp]
2022.07.08 00:55:00;Sell;0.01;CHFJPY;139.747;;139.662;2022.07.08 01:04:26;139.662;;;0.62;[tp]
2022.07.07 11:05:00;Buy;0.01;EURJPY;138.508;;138.583;2022.07.08 00:47:29;138.583;;;0.55;[tp]
2022.07.07 21:25:30;Buy;0.01;EURCHF;0.98998;;0.99073;2022.07.08 00:07:55;0.99073;;;0.77;[tp]
2022.07.07 18:40:01;Sell;0.01;NZDUSD;0.61806;;0.61731;2022.07.07 20:19:51;0.61731;;;0.75;[tp]
2022.07.07 11:05:02;Buy;0.01;CHFJPY;139.698;;139.783;2022.07.07 15:49:57;139.783;;;0.62;[tp]
2022.07.07 14:05:01;Sell;0.01;GBPUSD;1.19973;;1.19898;2022.07.07 14:21:34;1.19898;;;0.75;[tp]
2022.07.07 12:45:01;Buy;0.01;NZDUSD;0.61754;;0.61829;2022.07.07 14:10:42;0.61829;;;0.75;[tp]
2022.07.07 11:35:00;Buy;0.01;GBPUSD;1.19796;;1.19871;2022.07.07 13:41:28;1.19871;;;0.75;[tp]
2022.07.07 08:20:00;Sell;0.01;AUDUSD;0.68222;;0.68117;2022.07.07 08:42:24;0.68117;;;1.05;[tp]
2022.07.07 01:15:03;Buy;0.04;EURCHF;0.98760;;0.99132;2022.07.07 08:32:02;0.99132;;;15.33;[tp]
2022.07.07 00:15:02;Buy;0.04;EURCHF;0.98785;;0.99132;2022.07.07 08:32:02;0.99132;;;14.30;[tp]
2022.07.06 15:15:01;Buy;0.04;EURCHF;0.98784;;0.99132;2022.07.07 08:32:02;0.99132;;;14.34;[tp]
2022.07.06 14:35:03;Buy;0.04;EURCHF;0.98830;;0.99132;2022.07.07 08:32:02;0.99132;;;12.44;[tp]
2022.07.06 14:30:01;Buy;0.03;EURCHF;0.98821;;0.99132;2022.07.07 08:32:02;0.99132;;;9.61;[tp]
2022.07.06 12:35:01;Buy;0.03;EURCHF;0.98872;;0.99132;2022.07.07 08:32:02;0.99132;;;8.03;[tp]
2022.07.06 12:30:03;Buy;0.03;EURCHF;0.98853;;0.99132;2022.07.07 08:32:02;0.99132;;;8.62;[tp]
2022.07.06 12:25:01;Buy;0.03;EURCHF;0.98911;;0.99132;2022.07.07 08:32:02;0.99132;;;6.82;[tp]
2022.07.06 12:20:02;Buy;0.03;EURCHF;0.98947;;0.99132;2022.07.07 08:32:02;0.99132;;;5.71;[tp]
2022.07.06 12:15:01;Buy;0.03;EURCHF;0.98961;;0.99132;2022.07.07 08:32:02;0.99132;;;5.28;[tp]
2022.07.06 12:05:02;Buy;0.03;EURCHF;0.99003;;0.99132;2022.07.07 08:32:02;0.99132;;;3.98;[tp]
2022.07.06 11:35:01;Buy;0.02;EURCHF;0.98981;;0.99132;2022.07.07 08:32:02;0.99132;;;3.11;[tp]
2022.07.06 11:30:01;Buy;0.02;EURCHF;0.99017;;0.99132;2022.07.07 08:32:02;0.99132;;;2.37;[tp]
2022.07.06 10:55:01;Buy;0.02;EURCHF;0.99048;;0.99132;2022.07.07 08:32:02;0.99132;;;1.73;[tp]
2022.07.06 10:50:05;Buy;0.02;EURCHF;0.99084;;0.99132;2022.07.07 08:32:02;0.99132;;;0.99;[tp]
2022.07.06 10:45:01;Buy;0.02;EURCHF;0.99124;;0.99132;2022.07.07 08:32:02;0.99132;;;0.17;[tp]
2022.07.06 06:05:02;Buy;0.02;EURCHF;0.99174;;0.99132;2022.07.07 08:32:02;0.99132;;;-0.86;[tp]
2022.07.06 04:55:03;Buy;0.02;EURCHF;0.99207;;0.99132;2022.07.07 08:32:02;0.99132;;;-1.54;[tp]
2022.07.06 04:50:04;Buy;0.02;EURCHF;0.99245;;0.99132;2022.07.07 08:32:02;0.99132;;;-2.33;[tp]
2022.07.05 09:50:01;Buy;0.02;EURCHF;0.99291;;0.99132;2022.07.07 08:32:02;0.99132;;;-3.27;[tp]
2022.07.05 09:10:02;Buy;0.02;EURCHF;0.99338;;0.99132;2022.07.07 08:32:02;0.99132;;;-4.24;[tp]
2022.07.05 08:50:01;Buy;0.01;EURCHF;0.99321;;0.99132;2022.07.07 08:32:02;0.99132;;;-1.95;[tp]
2022.07.05 08:35:03;Buy;0.01;EURCHF;0.99410;;0.99132;2022.07.07 08:32:02;0.99132;;;-2.87;[tp]
2022.07.05 08:25:01;Buy;0.01;EURCHF;0.99463;;0.99132;2022.07.07 08:32:02;0.99132;;;-3.41;[tp]
2022.07.05 08:20:01;Buy;0.01;EURCHF;0.99523;;0.99132;2022.07.07 08:32:02;0.99132;;;-4.03;[tp]
2022.07.05 08:15:01;Buy;0.01;EURCHF;0.99553;;0.99132;2022.07.07 08:32:02;0.99132;;;-4.34;[tp]
2022.07.05 07:45:02;Buy;0.01;EURCHF;0.99685;;0.99132;2022.07.07 08:32:02;0.99132;;;-5.70;[tp]
2022.07.05 07:40:00;Buy;0.01;EURCHF;0.99792;;0.99132;2022.07.07 08:32:02;0.99132;;;-6.80;[tp]
2022.07.05 07:30:00;Buy;0.01;EURCHF;0.99945;;0.99132;2022.07.07 08:32:02;0.99132;;;-8.38;[tp]
2022.07.04 15:05:01;Buy;0.01;EURCHF;1.00291;;0.99132;2022.07.07 08:32:02;0.99132;;;-11.94;[tp]
2022.07.07 07:20:01;Buy;0.01;AUDUSD;0.68099;;0.68204;2022.07.07 08:02:41;0.68204;;;1.05;[tp]
2022.07.07 06:10:02;Sell;0.01;EURJPY;138.724;;138.649;2022.07.07 06:14:10;138.649;;;0.55;[tp]
2022.07.07 05:20:01;Sell;0.01;EURJPY;138.632;;138.557;2022.07.07 05:30:59;138.557;;;0.56;[tp]
2022.07.07 03:25:02;Sell;0.01;EURJPY;138.566;;138.491;2022.07.07 03:31:33;138.491;;;0.56;[tp]
2022.07.06 09:25:00;Buy;0.01;GBPUSD;1.19430;;1.19505;2022.07.07 02:58:08;1.19505;;;0.75;[tp]
2022.07.06 23:20:04;Sell;0.01;NZDJPY;83.631;;83.496;2022.07.07 00:05:01;83.496;;;1.00;[tp]
2022.07.06 19:12:53;Balance;;;;;;;;;;100.00;
2022.07.06 07:05:01;Sell;0.01;GBPUSD;1.19504;;1.19429;2022.07.06 09:13:20;1.19429;;;0.75;[tp]
2022.07.05 15:05:01;Buy;0.05;GBPUSD;1.19076;;1.19671;2022.07.06 01:04:44;1.19671;;;29.75;[tp]
2022.07.05 15:00:01;Buy;0.04;GBPUSD;1.19155;;1.19671;2022.07.06 01:04:44;1.19671;;;20.64;[tp]
2022.07.05 13:20:01;Buy;0.03;GBPUSD;1.19428;;1.19671;2022.07.06 01:04:44;1.19671;;;7.29;[tp]
2022.07.05 12:45:01;Buy;0.02;GBPUSD;1.19690;;1.19671;2022.07.06 01:04:44;1.19671;;;-0.38;[tp]
2022.07.05 12:10:01;Buy;0.02;GBPUSD;1.19910;;1.19671;2022.07.06 01:04:44;1.19671;;;-4.78;[tp]
2022.07.05 10:30:01;Buy;0.02;GBPUSD;1.20266;;1.19671;2022.07.06 01:04:44;1.19671;;;-11.90;[tp]
2022.07.05 08:25:01;Buy;0.01;GBPUSD;1.20620;;1.19671;2022.07.06 01:04:44;1.19671;;;-9.49;[tp]
2022.07.04 14:45:01;Buy;0.01;GBPUSD;1.21293;;1.19671;2022.07.06 01:04:44;1.19671;;;-16.22;[tp]
2022.07.05 14:10:01;Buy;0.03;AUDUSD;0.67674;;0.68061;2022.07.06 01:00:05;0.68061;;;11.61;[tp]
2022.07.05 13:10:02;Buy;0.02;AUDUSD;0.67743;;0.68061;2022.07.06 01:00:05;0.68061;;;6.36;[tp]
2022.07.05 09:50:01;Buy;0.02;AUDUSD;0.67839;;0.68061;2022.07.06 01:00:05;0.68061;;;4.44;[tp]
2022.07.05 08:25:01;Buy;0.02;AUDUSD;0.68009;;0.68061;2022.07.06 01:00:05;0.68061;;;1.04;[tp]
2022.07.05 07:45:01;Buy;0.01;AUDUSD;0.68091;;0.68061;2022.07.06 01:00:05;0.68061;;;-0.30;[tp]
2022.07.05 07:10:01;Buy;0.01;AUDUSD;0.68360;;0.68061;2022.07.06 01:00:05;0.68061;;;-2.99;[tp]
2022.07.05 02:45:01;Buy;0.01;AUDUSD;0.68814;;0.68061;2022.07.06 01:00:05;0.68061;;;-7.53;[tp]
2022.07.05 14:00:01;Buy;0.01;AUDJPY;91.932;;92.269;2022.07.05 19:56:50;92.269;;;2.48;[tp]
2022.07.05 09:05:01;Buy;0.01;AUDJPY;92.406;;92.269;2022.07.05 19:56:50;92.269;;;-1.01;[tp]
2022.07.05 13:35:01;Buy;0.02;NZDUSD;0.61327;;0.61692;2022.07.05 19:34:52;0.61692;;;7.30;[tp]
2022.07.05 11:20:04;Buy;0.02;NZDUSD;0.61423;;0.61692;2022.07.05 19:34:52;0.61692;;;5.38;[tp]
2022.07.05 11:15:00;Buy;0.01;NZDUSD;0.61456;;0.61692;2022.07.05 19:34:52;0.61692;;;2.36;[tp]
2022.07.05 08:50:01;Buy;0.01;NZDUSD;0.61618;;0.61692;2022.07.05 19:34:52;0.61692;;;0.74;[tp]
2022.07.05 08:10:00;Buy;0.01;NZDUSD;0.61705;;0.61692;2022.07.05 19:34:52;0.61692;;;-0.13;[tp]
2022.07.05 07:10:00;Buy;0.01;NZDUSD;0.61906;;0.61692;2022.07.05 19:34:52;0.61692;;;-2.14;[tp]
2022.07.04 13:20:07;Buy;0.01;NZDUSD;0.62365;;0.61692;2022.07.05 19:34:52;0.61692;;;-6.73;[tp]
2022.07.05 01:45:00;Sell;0.01;CHFJPY;141.848;;141.417;2022.07.05 08:10:08;141.417;;;3.17;[tp]
2022.07.04 15:05:01;Sell;0.01;CHFJPY;141.156;;141.417;2022.07.05 08:10:08;141.417;;;-1.92;[tp]
2022.07.05 01:40:01;Sell;0.01;EURJPY;142.199;;141.599;2022.07.05 07:13:16;141.599;;;4.41;[tp]
2022.07.04 23:40:01;Sell;0.01;EURJPY;141.769;;141.599;2022.07.05 07:13:16;141.599;;;1.25;[tp]
2022.07.04 05:25:03;Sell;0.01;EURJPY;141.055;;141.599;2022.07.05 07:13:16;141.599;;;-4.00;[tp]
2022.07.04 09:35:00;Sell;0.01;NZDJPY;84.606;;84.159;2022.07.05 07:13:15;84.159;;;3.28;[tp]
2022.07.04 05:25:03;Sell;0.01;NZDJPY;83.981;;84.159;2022.07.05 07:13:15;84.159;;;-1.31;[tp]
2022.07.04 13:20:00;Sell;0.01;USDCHF;0.96058;;0.95983;2022.07.05 07:00:21;0.95983;;;0.78;[tp]
2022.07.05 02:10:01;Sell;0.01;AUDJPY;93.835;;93.735;2022.07.05 02:28:20;93.735;;;0.74;[tp]
2022.07.04 17:45:29;Balance;;;;;;;;;;-55.82;
2022.07.04 17:45:29;Balance;;;;;;;;;;-0.01;
2022.07.04 16:03:33;Balance;;;;;;;;;;220.41;
2022.07.04 10:15:01;Sell;0.01;AUDJPY;93.144;;93.044;2022.07.04 12:08:05;93.044;;;0.74;[tp]
2022.07.04 08:10:00;Sell;0.01;AUDJPY;92.807;;92.707;2022.07.04 08:24:10;92.707;;;0.74;[tp]
2022.07.04 05:45:00;Sell;0.01;GBPUSD;1.21046;;1.20971;2022.07.04 06:53:57;1.20971;;;0.75;[tp]
2022.07.04 04:15:00;Buy;0.01;NZDUSD;0.62046;;0.62121;2022.07.04 05:14:09;0.62121;;;0.75;[tp]
2022.07.04 00:10:00;Buy;0.01;EURJPY;140.949;;141.024;2022.07.04 05:11:41;141.024;;;0.56;[tp]
2022.07.04 01:50:01;Buy;0.01;AUDJPY;91.994;;92.094;2022.07.04 05:02:53;92.094;;;0.74;[tp]
2022.07.04 00:40:01;Buy;0.01;USDCHF;0.95877;;0.95952;2022.07.04 04:39:53;0.95952;;;0.78;[tp]
2022.07.04 03:40:00;Sell;0.01;GBPUSD;1.20972;;1.20897;2022.07.04 03:53:46;1.20897;;;0.75;[tp]
2022.07.04 01:45:02;Buy;0.01;NZDUSD;0.62061;;0.62136;2022.07.04 03:29:03;0.62136;;;0.75;[tp]
2022.07.04 01:35:00;Buy;0.01;GBPUSD;1.20950;;1.21025;2022.07.04 01:49:36;1.21025;;;0.75;[tp]
2022.07.03 22:20:04;Sell;0.01;AUDUSD;0.68177;;0.68072;2022.07.04 01:17:47;0.68072;;;1.05;[tp]
2022.07.03 21:30:07;Buy;0.01;CHFJPY;140.877;;140.962;2022.07.03 22:13:54;140.962;;;0.63;[tp]
2022.07.03 21:35:06;Buy;0.01;NZDUSD;0.62044;;0.62119;2022.07.03 22:10:45;0.62119;;;0.75;[tp]
2022.07.03 21:30:06;Buy;0.01;EURJPY;141.037;;141.112;2022.07.03 22:10:25;141.112;;;0.55;[tp]
2022.07.03 08:16:06;Balance;;;;;;;;;;-0.05;
2022.07.03 08:16:06;Balance;;;;;;;;;;-134.81;
2022.07.01 14:15:00;Buy;0.09;CHFJPY;140.233;;140.852;2022.07.01 18:17:44;140.852;;;41.17;[tp]
2022.07.01 14:10:01;Buy;0.07;CHFJPY;140.368;;140.852;2022.07.01 18:17:44;140.852;;;25.04;[tp]
2022.07.01 12:25:00;Buy;0.06;CHFJPY;140.477;;140.852;2022.07.01 18:17:44;140.852;;;16.63;[tp]
2022.07.01 12:20:00;Buy;0.05;CHFJPY;140.571;;140.852;2022.07.01 18:17:44;140.852;;;10.39;[tp]
2022.07.01 11:25:02;Buy;0.04;CHFJPY;140.747;;140.852;2022.07.01 18:17:44;140.852;;;3.11;[tp]
2022.07.01 11:00:01;Buy;0.04;CHFJPY;140.931;;140.852;2022.07.01 18:17:44;140.852;;;-2.33;[tp]
2022.07.01 05:05:00;Buy;0.03;CHFJPY;141.040;;140.852;2022.07.01 18:17:44;140.852;;;-4.17;[tp]
2022.07.01 03:55:01;Buy;0.02;CHFJPY;141.252;;140.852;2022.07.01 18:17:44;140.852;;;-5.91;[tp]
2022.07.01 03:35:01;Buy;0.02;CHFJPY;141.436;;140.852;2022.07.01 18:17:44;140.852;;;-8.63;[tp]
2022.07.01 02:35:01;Buy;0.02;CHFJPY;141.666;;140.852;2022.07.01 18:17:44;140.852;;;-12.03;[tp]
2022.06.30 15:00:02;Buy;0.01;CHFJPY;141.900;;140.852;2022.07.01 18:17:44;140.852;;-0.04;-7.74;[tp]
2022.06.30 09:40:03;Buy;0.01;CHFJPY;142.265;;140.852;2022.07.01 18:17:44;140.852;;-0.04;-10.44;[tp]
2022.06.30 05:35:02;Buy;0.01;CHFJPY;142.962;;140.852;2022.07.01 18:17:44;140.852;;-0.04;-15.59;[tp]
2022.07.01 12:25:00;Buy;0.03;NZDJPY;83.183;;83.802;2022.07.01 17:35:30;83.802;;;13.72;[tp]
2022.07.01 05:05:00;Buy;0.02;NZDJPY;83.286;;83.802;2022.07.01 17:35:30;83.802;;;7.63;[tp]
2022.07.01 03:50:01;Buy;0.02;NZDJPY;83.523;;83.802;2022.07.01 17:35:30;83.802;;;4.12;[tp]
2022.07.01 03:30:00;Buy;0.02;NZDJPY;83.765;;83.802;2022.07.01 17:35:30;83.802;;;0.55;[tp]
2022.07.01 03:10:00;Buy;0.01;NZDJPY;84.023;;83.802;2022.07.01 17:35:30;83.802;;;-1.64;[tp]
2022.07.01 02:30:02;Buy;0.01;NZDJPY;84.341;;83.802;2022.07.01 17:35:30;83.802;;;-3.99;[tp]
2022.06.29 15:55:00;Buy;0.01;NZDJPY;84.940;;83.802;2022.07.01 17:35:30;83.802;;;-8.41;[tp]
2022.06.30 15:11:26;Balance;;;;;;;;;;100.00;
2022.06.30 15:05:30;Balance;;;;;;;;;;51.25;
2022.06.30 14:49:15;Balance;;;;;;;;;;-111.42;
2022.06.30 14:49:15;Balance;;;;;;;;;;0.03;
2022.06.30 11:35:03;Buy;0.13;EURUSD;1.03877;;1.04317;2022.06.30 14:22:39;1.04317;;;57.20;[tp]
2022.06.30 11:30:00;Buy;0.11;EURUSD;1.03929;;1.04317;2022.06.30 14:22:39;1.04317;;;42.68;[tp]
2022.06.30 10:55:01;Buy;0.09;EURUSD;1.04059;;1.04317;2022.06.30 14:22:39;1.04317;;;23.22;[tp]
2022.06.30 10:30:00;Buy;0.07;EURUSD;1.04131;;1.04317;2022.06.30 14:22:39;1.04317;;;13.02;[tp]
2022.06.30 10:05:00;Buy;0.06;EURUSD;1.04205;;1.04317;2022.06.30 14:22:39;1.04317;;;6.72;[tp]
2022.06.30 09:25:00;Buy;0.05;EURUSD;1.04282;;1.04317;2022.06.30 14:22:39;1.04317;;;1.75;[tp]
2022.06.29 19:05:03;Buy;0.04;EURUSD;1.04359;;1.04317;2022.06.30 14:22:39;1.04317;;;-1.68;[tp]
2022.06.29 16:55:08;Buy;0.04;EURUSD;1.04502;;1.04317;2022.06.30 14:22:39;1.04317;;;-7.40;[tp]
2022.06.29 16:30:00;Buy;0.03;EURUSD;1.04624;;1.04317;2022.06.30 14:22:39;1.04317;;;-9.21;[tp]
2022.06.29 14:35:02;Buy;0.02;EURUSD;1.04685;;1.04317;2022.06.30 14:22:39;1.04317;;;-7.36;[tp]
2022.06.29 13:45:01;Buy;0.02;EURUSD;1.04818;;1.04317;2022.06.30 14:22:39;1.04317;;;-10.02;[tp]
2022.06.29 06:00:00;Buy;0.02;EURUSD;1.05029;;1.04317;2022.06.30 14:22:39;1.04317;;;-14.24;[tp]
2022.06.28 14:35:00;Buy;0.01;EURUSD;1.05152;;1.04317;2022.06.30 14:22:39;1.04317;;;-8.35;[tp]
2022.06.28 12:50:01;Buy;0.01;EURUSD;1.05387;;1.04317;2022.06.30 14:22:39;1.04317;;;-10.70;[tp]
2022.06.28 11:20:00;Buy;0.01;EURUSD;1.05834;;1.04317;2022.06.30 14:22:39;1.04317;;;-15.17;[tp]
2022.06.30 11:50:04;Buy;0.01;EURCHF;0.99570;;0.99645;2022.06.30 12:32:55;0.99645;;;0.79;[tp]
2022.06.30 11:05:03;Buy;0.01;NZDUSD;0.62150;;0.62225;2022.06.30 12:23:28;0.62225;;;0.75;[tp]
2022.06.30 07:45:00;Sell;0.01;NZDUSD;0.62259;;0.62184;2022.06.30 10:27:42;0.62184;;;0.75;[tp]
2022.06.30 06:55:00;Buy;0.01;AUDUSD;0.68812;;0.68917;2022.06.30 08:38:45;0.68917;;;1.05;[tp]
2022.06.30 07:20:00;Buy;0.02;EURJPY;141.935;;142.510;2022.06.30 08:38:42;142.510;;;8.44;[tp]
2022.06.30 07:10:00;Buy;0.01;EURJPY;142.252;;142.510;2022.06.30 08:38:42;142.510;;;1.89;[tp]
2022.06.29 17:25:01;Buy;0.01;EURJPY;142.654;;142.510;2022.06.30 08:38:42;142.510;;;-1.06;[tp]
2022.06.29 14:55:01;Buy;0.01;EURJPY;143.401;;142.510;2022.06.30 08:38:42;142.510;;;-6.54;[tp]
2022.06.30 07:20:00;Sell;0.01;USDCHF;0.95550;;0.95475;2022.06.30 07:20:53;0.95475;;;0.79;[tp]
2022.06.30 05:40:01;Buy;0.01;AUDUSD;0.68828;;0.68933;2022.06.30 06:03:22;0.68933;;;1.05;[tp]
2022.06.30 02:40:00;Sell;0.01;NZDUSD;0.62225;;0.62150;2022.06.30 05:20:01;0.62150;;;0.75;[tp]
2022.06.30 02:40:00;Sell;0.01;GBPUSD;1.21366;;1.21291;2022.06.30 03:05:45;1.21291;;;0.75;[tp]
2022.06.29 16:05:01;Buy;0.01;CHFJPY;143.094;;143.179;2022.06.30 02:39:52;143.179;;-0.10;0.62;[tp]
2022.06.29 23:40:04;Buy;0.01;AUDUSD;0.68774;;0.68879;2022.06.30 02:17:58;0.68879;;;1.05;[tp]
2022.06.30 01:30:00;Buy;0.01;AUDJPY;93.872;;93.972;2022.06.30 01:46:14;93.972;;;0.73;[tp]
2022.06.29 23:55:01;Sell;0.01;GBPUSD;1.21279;;1.21204;2022.06.30 00:17:59;1.21204;;;0.75;[tp]
2022.06.29 22:35:03;Sell;0.01;NZDUSD;0.62249;;0.62174;2022.06.30 00:02:08;0.62174;;;0.75;[tp]
2022.06.29 19:10:00;Buy;0.01;GBPUSD;1.21202;;1.21277;2022.06.29 23:42:13;1.21277;;;0.75;[tp]
2022.06.29 16:10:02;Sell;0.01;GBPUSD;1.21467;;1.21392;2022.06.29 16:24:21;1.21392;;;0.75;[tp]
2022.06.29 10:55:00;Sell;0.01;CHFJPY;143.551;;143.015;2022.06.29 15:57:55;143.015;;;3.93;[tp]
2022.06.29 10:15:01;Sell;0.01;CHFJPY;143.248;;143.015;2022.06.29 15:57:55;143.015;;;1.71;[tp]
2022.06.29 08:30:01;Sell;0.01;CHFJPY;142.501;;143.015;2022.06.29 15:57:55;143.015;;;-3.77;[tp]
2022.06.29 14:40:01;Buy;0.01;EURJPY;143.376;;143.451;2022.06.29 14:52:27;143.451;;;0.54;[tp]
2022.06.29 13:05:00;Sell;0.01;EURJPY;143.788;;143.351;2022.06.29 14:32:23;143.351;;;3.19;[tp]
2022.06.29 08:05:00;Sell;0.01;EURJPY;143.064;;143.351;2022.06.29 14:32:23;143.351;;;-2.10;[tp]
2022.06.29 11:50:00;Buy;0.01;USDCHF;0.95037;;0.95112;2022.06.29 11:55:59;0.95112;;;0.79;[tp]
2022.06.29 08:15:01;Sell;0.01;GBPUSD;1.21916;;1.21841;2022.06.29 08:27:52;1.21841;;;0.75;[tp]
2022.06.28 23:20:16;Sell;0.01;NZDUSD;0.62392;;0.62317;2022.06.29 08:20:11;0.62317;;;0.75;[tp]
2022.06.29 08:00:00;Sell;0.01;EURJPY;143.045;;142.970;2022.06.29 08:00:12;142.970;;;0.55;[tp]
2022.06.28 23:35:03;Buy;0.01;USDCHF;0.95700;;0.95775;2022.06.29 07:32:18;0.95775;;;0.78;[tp]
2022.06.29 07:20:01;Sell;0.01;EURJPY;142.981;;142.906;2022.06.29 07:27:15;142.906;;;0.56;[tp]
2022.06.29 06:50:03;Buy;0.03;EURJPY;142.551;;143.046;2022.06.29 07:00:23;143.046;;;10.91;[tp]
2022.06.29 04:50:00;Buy;0.02;EURJPY;142.885;;143.046;2022.06.29 07:00:23;143.046;;;2.37;[tp]
2022.06.28 12:30:00;Buy;0.02;EURJPY;143.688;;143.046;2022.06.29 07:00:23;143.046;;;-9.43;[tp]
2022.06.29 06:20:00;Buy;0.01;CHFJPY;142.132;;142.217;2022.06.29 06:35:23;142.217;;;0.63;[tp]
2022.06.28 23:20:06;Sell;0.02;GBPUSD;1.21871;;1.21796;2022.06.29 06:30:52;1.21796;;;1.50;[tp]
2022.06.29 05:10:01;Buy;0.01;CHFJPY;142.219;;142.304;2022.06.29 05:23:16;142.304;;;0.62;[tp]
2022.06.28 23:10:08;Sell;0.01;AUDUSD;0.69091;;0.68986;2022.06.29 01:00:09;0.68986;;;1.05;[tp]
2022.06.28 07:30:00;Sell;0.01;AUDJPY;94.279;;94.179;2022.06.28 15:42:37;94.179;;;0.73;[tp]
2022.06.28 14:34:33;Balance;;;;;;;;;;56.00;
2022.06.28 10:00:01;Buy;0.02;GBPUSD;1.22628;;1.22703;2022.06.28 10:19:52;1.22703;;;1.50;[tp]
2022.06.28 09:20:02;Sell;0.01;AUDUSD;0.69538;;0.69433;2022.06.28 09:55:09;0.69433;;;1.05;[tp]
2022.06.28 06:50:03;Sell;0.01;NZDUSD;0.63070;;0.62995;2022.06.28 07:24:02;0.62995;;;0.75;[tp]
2022.06.28 06:55:00;Sell;0.01;EURCHF;1.01211;;1.01136;2022.06.28 07:00:07;1.01136;;;0.78;[tp]
2022.06.28 06:55:00;Sell;0.01;EURUSD;1.05935;;1.05850;2022.06.28 06:58:36;1.05850;;;0.85;[tp]
2022.06.28 06:50:02;Sell;0.01;EURJPY;143.617;;143.542;2022.06.28 06:58:20;143.542;;;0.55;[tp]
2022.06.28 06:50:47;Balance;;;;;;;;;;102.00;
2022.06.28 06:34:49;Balance;;;;;;;;;;-146.40;
2022.06.28 06:25:02;Sell;0.01;EURJPY;143.302;;143.227;2022.06.28 06:34:37;143.541;;;-1.77;
2022.06.27 16:45:00;Buy;0.01;GBPUSD;1.22863;;1.22938;2022.06.28 06:34:37;1.22856;;;-0.07;
2022.06.27 00:25:00;Buy;0.01;AUDUSD;0.69414;;0.69519;2022.06.28 06:23:26;0.69519;;;1.05;[tp]
2022.06.28 06:00:31;Balance;;;;;;;;;;100.00;
2022.06.28 04:00:04;Sell;0.01;NZDUSD;0.63004;;0.62929;2022.06.28 05:27:23;0.62929;;;0.75;[tp]
2022.06.28 04:00:00;Sell;0.01;EURJPY;143.168;;143.093;2022.06.28 04:21:01;143.093;;;0.56;[tp]
2022.06.28 02:10:03;Buy;0.01;CHFJPY;141.456;;141.541;2022.06.28 03:08:05;141.541;;;0.63;[tp]
2022.06.27 15:20:00;Sell;0.01;EURJPY;143.399;;142.932;2022.06.28 01:58:03;142.932;;;3.46;[tp]
2022.06.27 06:45:00;Sell;0.01;EURJPY;142.614;;142.932;2022.06.28 01:58:03;142.932;;;-2.35;[tp]
2022.06.28 00:55:00;Sell;0.01;CHFJPY;141.659;;141.574;2022.06.28 01:46:24;141.574;;;0.63;[tp]
2022.06.28 01:15:00;Sell;0.01;NZDUSD;0.63067;;0.62992;2022.06.28 01:45:43;0.62992;;;0.75;[tp]
2022.06.27 21:20:06;Buy;0.01;CHFJPY;141.658;;141.743;2022.06.28 00:31:17;141.743;;-0.04;0.63;[tp]
2022.06.27 23:10:01;Buy;0.01;NZDJPY;85.202;;85.337;2022.06.28 00:01:44;85.337;;;0.99;[tp]
2022.06.27 17:40:57;Balance;;;;;;;;;;-123.86;
2022.06.27 15:45:00;Sell;0.01;EURUSD;1.06040;;1.05955;2022.06.27 16:34:18;1.05955;;;0.85;[tp]
2022.06.27 15:30:01;Sell;0.01;NZDUSD;0.63207;;0.63132;2022.06.27 16:15:15;0.63132;;;0.75;[tp]
2022.06.27 09:35:02;Buy;0.01;GBPUSD;1.22926;;1.23001;2022.06.27 14:48:13;1.23001;;;0.75;[tp]
2022.06.27 13:25:00;Sell;0.01;NZDUSD;0.63076;;0.63001;2022.06.27 14:11:23;0.63001;;;0.75;[tp]
2022.06.27 12:10:00;Buy;0.01;EURUSD;1.05732;;1.05817;2022.06.27 13:07:10;1.05817;;;0.85;[tp]
2022.06.27 12:00:00;Sell;0.01;USDCHF;0.95962;;0.95887;2022.06.27 12:31:41;0.95887;;;0.78;[tp]
2022.06.27 09:40:06;Sell;0.01;USDCHF;0.95804;;0.95729;2022.06.27 09:52:57;0.95729;;;0.78;[tp]
2022.06.27 09:00:05;Sell;0.01;NZDUSD;0.63231;;0.63156;2022.06.27 09:22:42;0.63156;;;0.75;[tp]
2022.06.27 06:45:00;Sell;0.01;CHFJPY;141.009;;140.924;2022.06.27 08:43:58;140.924;;;0.63;[tp]
2022.06.27 06:35:01;Buy;0.01;GBPUSD;1.22750;;1.22825;2022.06.27 06:54:37;1.22825;;;0.75;[tp]
2022.06.27 06:15:52;Balance;;;;;;;;;;100.00;
2022.06.27 05:55:00;Sell;0.01;NZDUSD;0.63176;;0.63101;2022.06.27 06:14:47;0.63101;;;0.75;[tp]
2022.06.26 23:25:03;Buy;0.01;USDCHF;0.95752;;0.95827;2022.06.27 06:02:22;0.95827;;;0.78;[tp]
2022.06.27 05:54:52;Balance;;;;;;;;;;-132.63;
2022.06.27 05:15:01;Sell;0.01;GBPUSD;1.22853;;1.22778;2022.06.27 05:54:40;1.22844;;;0.09;
2022.06.26 21:35:03;Buy;0.01;EURCHF;1.01189;;1.01264;2022.06.27 05:54:40;1.01145;;;-0.46;
2022.06.27 00:15:03;Buy;0.01;NZDUSD;0.63135;;0.63210;2022.06.27 05:39:53;0.63210;;;0.75;[tp]
2022.06.27 04:05:12;Buy;0.01;EURUSD;1.05567;;1.05652;2022.06.27 05:01:18;1.05652;;;0.85;[tp]
2022.06.27 01:20:00;Buy;0.01;AUDJPY;93.280;;93.380;2022.06.27 02:30:46;93.380;;;0.75;[tp]
2022.06.27 01:20:01;Buy;0.01;EURJPY;142.261;;142.336;2022.06.27 02:27:15;142.336;;;0.56;[tp]
2022.06.27 01:00:00;Buy;0.01;GBPUSD;1.22707;;1.22782;2022.06.27 01:05:11;1.22782;;;0.75;[tp]
2022.06.26 23:25:00;Sell;0.01;EURUSD;1.05654;;1.05569;2022.06.27 00:48:57;1.05569;;;0.85;[tp]
2022.06.26 21:40:34;Buy;0.01;NZDUSD;0.63142;;0.63217;2022.06.26 22:40:08;0.63217;;;0.75;[tp]
2022.06.26 21:35:26;Buy;0.01;GBPUSD;1.22707;;1.22782;2022.06.26 22:15:45;1.22782;;;0.75;[tp]
2022.06.24 23:50:32;Balance;;;;;;;;;;-82.85;
2022.06.22 13:45:00;Sell;0.01;GBPUSD;1.22924;;1.22478;2022.06.23 00:30:31;1.22478;;;4.46;[tp]
2022.06.22 09:40:03;Sell;0.01;GBPUSD;1.22181;;1.22478;2022.06.23 00:30:31;1.22478;;;-2.97;[tp]
2022.06.22 07:10:03;Buy;0.01;EURCHF;1.01362;;1.01736;2022.06.22 14:42:20;1.01736;;;3.89;[tp]
2022.06.22 03:00:11;Buy;0.01;EURCHF;1.01547;;1.01736;2022.06.22 14:42:20;1.01736;;;1.97;[tp]
2022.06.21 17:20:04;Buy;0.01;EURCHF;1.01705;;1.01736;2022.06.22 14:42:20;1.01736;;;0.32;[tp]
2022.06.21 14:05:02;Buy;0.01;EURCHF;1.02031;;1.01736;2022.06.22 14:42:20;1.01736;;;-3.07;[tp]
2022.06.22 09:50:01;Buy;0.02;NZDJPY;84.943;;85.516;2022.06.22 14:32:01;85.516;;;8.43;[tp]
2022.06.22 07:10:01;Buy;0.02;NZDJPY;85.130;;85.516;2022.06.22 14:32:01;85.516;;;5.68;[tp]
2022.06.22 03:05:00;Buy;0.01;NZDJPY;85.417;;85.516;2022.06.22 14:32:01;85.516;;;0.73;[tp]
2022.06.22 01:35:00;Buy;0.01;NZDJPY;85.685;;85.516;2022.06.22 14:32:01;85.516;;;-1.24;[tp]
2022.06.21 22:50:04;Buy;0.01;NZDJPY;86.421;;85.516;2022.06.22 14:32:01;85.516;;;-6.65;[tp]
2022.06.22 07:15:01;Buy;0.02;NZDUSD;0.62469;;0.62843;2022.06.22 13:43:02;0.62843;;;7.48;[tp]
2022.06.22 06:35:01;Buy;0.02;NZDUSD;0.62582;;0.62843;2022.06.22 13:43:02;0.62843;;;5.22;[tp]
2022.06.22 05:15:01;Buy;0.01;NZDUSD;0.62641;;0.62843;2022.06.22 13:43:02;0.62843;;;2.02;[tp]
2022.06.22 03:05:00;Buy;0.01;NZDUSD;0.62750;;0.62843;2022.06.22 13:43:02;0.62843;;;0.93;[tp]
2022.06.22 02:20:02;Buy;0.01;NZDUSD;0.62877;;0.62843;2022.06.22 13:43:02;0.62843;;;-0.34;[tp]
2022.06.22 00:15:01;Buy;0.01;NZDUSD;0.63054;;0.62843;2022.06.22 13:43:02;0.62843;;;-2.11;[tp]
2022.06.21 10:15:01;Buy;0.01;NZDUSD;0.63490;;0.62843;2022.06.22 13:43:02;0.62843;;;-6.47;[tp]
2022.06.22 06:55:01;Buy;0.02;EURUSD;1.04844;;1.05187;2022.06.22 09:56:00;1.05187;;;6.86;[tp]
2022.06.22 04:55:00;Buy;0.01;EURUSD;1.04955;;1.05187;2022.06.22 09:56:00;1.05187;;;2.32;[tp]
2022.06.21 18:50:01;Buy;0.01;EURUSD;1.05203;;1.05187;2022.06.22 09:56:00;1.05187;;;-0.16;[tp]
2022.06.21 10:35:00;Buy;0.01;EURUSD;1.05664;;1.05187;2022.06.22 09:56:00;1.05187;;;-4.77;[tp]
2022.06.22 07:10:01;Buy;0.02;GBPUSD;1.21896;;1.22338;2022.06.22 09:11:47;1.22338;;;8.84;[tp]
2022.06.22 05:15:00;Buy;0.01;GBPUSD;1.22288;;1.22338;2022.06.22 09:11:47;1.22338;;;0.50;[tp]
2022.06.21 10:35:00;Buy;0.01;GBPUSD;1.22973;;1.22338;2022.06.22 09:11:47;1.22338;;;-6.35;[tp]
2022.06.22 06:10:04;Sell;0.01;USDCHF;0.96777;;0.96702;2022.06.22 07:34:59;0.96702;;;0.78;[tp]
2022.06.22 06:50:01;Sell;0.01;CHFJPY;141.020;;140.935;2022.06.22 07:06:01;140.935;;;0.62;[tp]
2022.06.22 06:20:00;Sell;0.01;EURJPY;143.152;;143.077;2022.06.22 07:02:31;143.077;;;0.55;[tp]
2022.06.22 00:25:00;Buy;0.01;CHFJPY;141.012;;141.097;2022.06.22 06:38:31;141.097;;;0.63;[tp]
2022.06.22 03:55:02;Buy;0.01;USDCHF;0.96665;;0.96740;2022.06.22 04:41:41;0.96740;;;0.78;[tp]
2022.06.22 01:05:09;Sell;0.01;USDCHF;0.96743;;0.96668;2022.06.22 02:32:19;0.96668;;;0.78;[tp]
2022.06.21 19:30:00;Sell;0.02;EURJPY;143.879;;143.233;2022.06.22 01:10:59;143.233;;;9.48;[tp]
2022.06.21 11:55:00;Sell;0.02;EURJPY;143.677;;143.233;2022.06.22 01:10:59;143.233;;;6.51;[tp]
2022.06.21 11:15:00;Sell;0.02;EURJPY;143.387;;143.233;2022.06.22 01:10:59;143.233;;;2.26;[tp]
2022.06.21 09:00:02;Sell;0.01;EURJPY;143.133;;143.233;2022.06.22 01:10:59;143.233;;;-0.74;[tp]
2022.06.21 07:50:02;Sell;0.01;EURJPY;142.747;;143.233;2022.06.22 01:10:59;143.233;;;-3.57;[tp]
2022.06.20 22:10:00;Sell;0.01;EURJPY;142.003;;143.233;2022.06.22 01:10:59;143.233;;;-9.03;[tp]
2022.06.21 21:27:47;Buy;0.01;USDCHF;0.96643;;0.96718;2022.06.22 00:15:57;0.96718;;;0.78;[tp]
2022.06.21 10:20:03;Buy;0.01;AUDUSD;0.69652;;0.69757;2022.06.21 13:41:03;0.69757;;;1.05;[tp]
2022.06.21 00:45:02;Buy;0.01;USDCHF;0.96715;;0.96790;2022.06.21 11:21:38;0.96790;;;0.77;[tp]
2022.06.21 08:35:03;Sell;0.01;EURCHF;1.02026;;1.01951;2022.06.21 08:55:02;1.01951;;;0.77;[tp]
2022.06.21 07:30:03;Sell;0.01;GBPUSD;1.22962;;1.22887;2022.06.21 08:00:56;1.22887;;;0.75;[tp]
2022.06.21 05:10:01;Buy;0.01;AUDUSD;0.69706;;0.69811;2022.06.21 07:37:51;0.69811;;;1.05;[tp]
2022.06.21 04:55:05;Buy;0.01;EURCHF;1.01754;;1.01829;2022.06.21 07:15:46;1.01829;;;0.78;[tp]
2022.06.20 13:40:00;Buy;0.01;NZDUSD;0.63422;;0.63497;2022.06.21 07:13:31;0.63497;;;0.75;[tp]
2022.06.21 03:25:04;Buy;0.01;EURUSD;1.05303;;1.05388;2022.06.21 07:07:02;1.05388;;;0.85;[tp]
2022.06.21 05:10:01;Buy;0.01;GBPUSD;1.22705;;1.22780;2022.06.21 06:43:02;1.22780;;;0.75;[tp]
2022.06.21 01:35:00;Sell;0.01;EURUSD;1.05339;;1.05254;2022.06.21 03:10:43;1.05254;;;0.85;[tp]
2022.06.20 17:35:05;Buy;0.01;EURUSD;1.05139;;1.05224;2022.06.21 00:02:27;1.05224;;;0.85;[tp]
2022.06.20 20:05:16;Sell;0.01;GBPUSD;1.22526;;1.22451;2022.06.20 22:05:29;1.22451;;;0.75;[tp]
2022.06.20 17:45:03;Buy;0.01;EURJPY;142.033;;142.108;2022.06.20 22:01:36;142.108;;;0.55;[tp]
2022.06.20 18:35:03;Sell;0.01;USDCHF;0.96835;;0.96760;2022.06.20 21:59:07;0.96760;;;0.78;[tp]
2022.06.20 09:25:02;Sell;0.01;AUDUSD;0.69915;;0.69606;2022.06.20 17:01:46;0.69606;;;3.09;[tp]
2022.06.20 02:55:03;Sell;0.01;AUDUSD;0.69507;;0.69606;2022.06.20 17:01:46;0.69606;;;-0.99;[tp]
2022.06.20 14:30:00;Sell;0.01;EURJPY;142.239;;142.164;2022.06.20 15:07:55;142.164;;;0.55;[tp]
2022.06.20 13:45:02;Buy;0.01;GBPUSD;1.22339;;1.22414;2022.06.20 14:24:12;1.22414;;;0.75;[tp]
2022.06.20 10:35:00;Sell;0.01;CHFJPY;139.973;;139.561;2022.06.20 13:34:06;139.561;;;3.05;[tp]
2022.06.19 22:35:01;Sell;0.01;CHFJPY;139.318;;139.561;2022.06.20 13:34:06;139.561;;;-1.80;[tp]
2022.06.20 11:40:01;Sell;0.01;GBPUSD;1.22753;;1.22339;2022.06.20 13:10:24;1.22339;;;4.14;[tp]
2022.06.17 17:55:00;Sell;0.01;GBPUSD;1.22074;;1.22339;2022.06.20 13:10:24;1.22339;;;-2.65;[tp]
2022.06.20 09:15:02;Sell;0.01;EURJPY;141.945;;141.870;2022.06.20 12:22:15;141.870;;;0.55;[tp]
2022.06.20 09:40:01;Sell;0.01;EURUSD;1.05323;;1.05238;2022.06.20 11:11:29;1.05238;;;0.85;[tp]
2022.06.20 07:30:01;Buy;0.01;EURJPY;141.796;;141.871;2022.06.20 09:00:43;141.871;;;0.56;[tp]
2022.06.20 07:25:00;Buy;0.01;EURJPY;141.701;;141.776;2022.06.20 07:29:58;141.776;;;0.56;[tp]
2022.06.20 06:35:00;Buy;0.01;USDCHF;0.96577;;0.96652;2022.06.20 07:14:44;0.96652;;;0.78;[tp]
2022.06.20 01:50:01;Buy;0.01;NZDJPY;85.156;;85.291;2022.06.20 02:44:13;85.291;;;1.00;[tp]
2022.06.20 01:50:01;Buy;0.01;EURJPY;141.655;;141.730;2022.06.20 02:39:31;141.730;;;0.56;[tp]
2022.06.20 01:45:00;Buy;0.01;NZDUSD;0.63100;;0.63175;2022.06.20 02:36:06;0.63175;;;0.75;[tp]
2022.06.19 21:20:23;Buy;0.01;AUDUSD;0.69313;;0.69418;2022.06.19 22:48:03;0.69418;;;1.05;[tp]
2022.06.17 15:10:00;Sell;0.01;USDCHF;0.97060;;0.96985;2022.06.17 17:24:58;0.96985;;;0.77;[tp]
2022.06.17 17:08:59;Balance;;;;;;;;;;103.07;
2022.06.17 15:20:01;Sell;0.01;EURJPY;141.485;;141.410;2022.06.17 15:25:35;141.410;;;0.56;[tp]
2022.06.17 15:15:00;Sell;0.01;EURJPY;141.590;;141.515;2022.06.17 15:17:30;141.515;;;0.55;[tp]
2022.06.17 14:23:12;Balance;;;;;;;;;;100.15;
2022.06.17 12:30:00;Buy;0.01;EURJPY;141.243;;141.318;2022.06.17 12:41:51;141.318;;;0.56;[tp]
2022.06.17 12:25:01;Buy;0.01;GBPUSD;1.22671;;1.22746;2022.06.17 12:35:36;1.22746;;;0.75;[tp]
2022.06.17 08:55:02;Sell;0.01;GBPUSD;1.23180;;1.23105;2022.06.17 09:24:34;1.23105;;;0.75;[tp]
2022.06.17 07:45:00;Sell;0.01;GBPUSD;1.22998;;1.22923;2022.06.17 08:01:28;1.22923;;;0.75;[tp]
2022.06.17 07:40:04;Sell;0.01;GBPUSD;1.23095;;1.23020;2022.06.17 07:41:10;1.23020;;;0.75;[tp]
2022.06.16 17:50:00;Buy;0.01;USDCHF;0.96400;;0.96935;2022.06.17 01:11:20;0.96935;;;5.52;[tp]
2022.06.16 15:50:00;Buy;0.01;USDCHF;0.96733;;0.96935;2022.06.17 01:11:20;0.96935;;;2.08;[tp]
2022.06.16 12:50:00;Buy;0.01;USDCHF;0.97446;;0.96935;2022.06.17 01:11:20;0.96935;;;-5.27;[tp]
2022.06.17 00:15:00;Buy;0.01;EURJPY;139.868;;139.943;2022.06.17 00:28:38;139.943;;;0.56;[tp]
2022.06.17 00:00:00;Sell;0.01;GBPUSD;1.23502;;1.23427;2022.06.17 00:02:22;1.23427;;;0.75;[tp]
2022.06.16 20:00:02;Buy;0.01;EURJPY;139.465;;139.540;2022.06.16 21:47:47;139.540;;;0.57;[tp]
2022.06.16 19:55:01;Buy;0.01;EURJPY;139.402;;139.477;2022.06.16 19:57:24;139.477;;;0.57;[tp]
2022.06.16 16:05:00;Buy;0.01;EURJPY;138.902;;138.977;2022.06.16 16:16:34;138.977;;;0.57;[tp]
2022.06.16 16:00:00;Buy;0.01;EURJPY;138.641;;138.716;2022.06.16 16:02:11;138.716;;;0.57;[tp]
2022.06.16 13:45:02;Sell;0.01;EURJPY;138.630;;138.555;2022.06.16 15:44:15;138.555;;;0.57;[tp]
2022.06.16 12:55:00;Sell;0.01;AUDUSD;0.69821;;0.69716;2022.06.16 13:21:54;0.69716;;;1.05;[tp]
2022.06.16 12:00:00;Buy;0.03;EURJPY;137.967;;138.643;2022.06.16 13:06:17;138.643;;;15.28;[tp]
2022.06.16 09:30:01;Buy;0.02;EURJPY;138.117;;138.643;2022.06.16 13:06:17;138.643;;;7.93;[tp]
2022.06.16 09:20:00;Buy;0.02;EURJPY;138.296;;138.643;2022.06.16 13:06:17;138.643;;;5.23;[tp]
2022.06.16 09:10:01;Buy;0.02;EURJPY;138.473;;138.643;2022.06.16 13:06:17;138.643;;;2.56;[tp]
2022.06.16 08:30:00;Buy;0.02;EURJPY;138.826;;138.643;2022.06.16 13:06:17;138.643;;;-2.76;[tp]
2022.06.16 08:25:00;Buy;0.01;EURJPY;138.834;;138.643;2022.06.16 13:06:17;138.643;;;-1.44;[tp]
2022.06.16 07:40:01;Buy;0.01;EURJPY;139.527;;138.643;2022.06.16 13:06:17;138.643;;;-6.67;[tp]
2022.06.16 04:00:00;Buy;0.01;EURJPY;140.265;;138.643;2022.06.16 13:06:17;138.643;;;-12.23;[tp]
2022.06.16 11:25:00;Buy;0.01;GBPUSD;1.20874;;1.20949;2022.06.16 11:27:38;1.20949;;;0.75;[tp]
2022.06.16 11:20:00;Buy;0.01;GBPUSD;1.20831;;1.20906;2022.06.16 11:22:00;1.20906;;;0.75;[tp]
2022.06.16 09:10:01;Sell;0.01;GBPUSD;1.21040;;1.20965;2022.06.16 09:10:39;1.20965;;;0.75;[tp]
2022.06.16 03:00:01;Sell;0.01;AUDUSD;0.70235;;0.70130;2022.06.16 03:54:50;0.70130;;;1.05;[tp]
2022.06.16 02:20:01;Sell;0.01;USDCHF;0.99713;;0.99638;2022.06.16 02:44:34;0.99638;;;0.75;[tp]
2022.06.16 01:55:02;Buy;0.01;AUDUSD;0.70053;;0.70158;2022.06.16 02:13:11;0.70158;;;1.05;[tp]
2022.06.16 00:20:01;Sell;0.01;GBPUSD;1.21812;;1.21737;2022.06.16 01:21:02;1.21737;;;0.75;[tp]
2022.06.15 23:00:00;Buy;0.01;AUDUSD;0.69996;;0.70101;2022.06.15 23:50:55;0.70101;;;1.05;[tp]
2022.06.15 23:15:01;Sell;0.01;USDCHF;0.99562;;0.99487;2022.06.15 23:49:02;0.99487;;;0.75;[tp]
2022.06.15 22:50:01;Sell;0.01;EURJPY;140.124;;140.049;2022.06.15 23:10:02;140.049;;;0.56;[tp]
2022.06.15 18:15:00;Sell;0.01;EURJPY;139.712;;139.637;2022.06.15 18:33:19;139.637;;;0.56;[tp]
2022.06.15 18:15:00;Buy;0.01;AUDUSD;0.69360;;0.69465;2022.06.15 18:16:39;0.69465;;;1.05;[tp]
2022.06.15 12:35:02;Buy;0.01;GBPUSD;1.20907;;1.20982;2022.06.15 17:53:26;1.20982;;;0.75;[tp]
2022.06.15 15:25:01;Buy;0.01;AUDUSD;0.69425;;0.69530;2022.06.15 15:42:09;0.69530;;;1.05;[tp]
2022.06.15 12:35:00;Buy;0.01;AUDUSD;0.69370;;0.69475;2022.06.15 13:57:09;0.69475;;;1.05;[tp]
2022.06.15 07:15:02;Sell;0.04;EURGBP;0.87197;;0.86771;2022.06.15 09:15:59;0.86771;;;20.61;[tp]
2022.06.14 19:20:00;Sell;0.04;EURGBP;0.87133;;0.86771;2022.06.15 09:15:59;0.86771;;;17.51;[tp]
2022.06.14 18:15:02;Sell;0.03;EURGBP;0.86965;;0.86771;2022.06.15 09:15:59;0.86771;;;7.04;[tp]
2022.06.14 17:00:00;Sell;0.02;EURGBP;0.86868;;0.86771;2022.06.15 09:15:59;0.86771;;;2.34;[tp]
2022.06.14 14:15:01;Sell;0.02;EURGBP;0.86773;;0.86771;2022.06.15 09:15:59;0.86771;;;0.05;[tp]
2022.06.14 12:15:01;Sell;0.02;EURGBP;0.86563;;0.86771;2022.06.15 09:15:59;0.86771;;;-5.03;[tp]
2022.06.14 11:20:04;Sell;0.01;EURGBP;0.86404;;0.86771;2022.06.15 09:15:59;0.86771;;;-4.43;[tp]
2022.06.14 09:45:00;Sell;0.01;EURGBP;0.86170;;0.86771;2022.06.15 09:15:59;0.86771;;;-7.26;[tp]
2022.06.14 06:50:03;Sell;0.01;EURGBP;0.85722;;0.86771;2022.06.15 09:15:59;0.86771;;;-12.68;[tp]
2022.06.15 04:20:00;Buy;0.01;GBPUSD;1.20229;;1.20304;2022.06.15 06:26:45;1.20304;;;0.75;[tp]
2022.06.14 19:20:00;Buy;0.04;GBPUSD;1.19378;;1.19998;2022.06.14 22:34:47;1.19998;;;24.80;[tp]
2022.06.14 19:10:01;Buy;0.03;GBPUSD;1.19629;;1.19998;2022.06.14 22:34:47;1.19998;;;11.07;[tp]
2022.06.14 18:45:03;Buy;0.02;GBPUSD;1.19772;;1.19998;2022.06.14 22:34:47;1.19998;;;4.52;[tp]
2022.06.14 15:00:00;Buy;0.02;GBPUSD;1.20013;;1.19998;2022.06.14 22:34:47;1.19998;;;-0.30;[tp]
2022.06.14 14:10:00;Buy;0.02;GBPUSD;1.20291;;1.19998;2022.06.14 22:34:47;1.19998;;;-5.86;[tp]
2022.06.14 11:20:01;Buy;0.01;GBPUSD;1.20778;;1.19998;2022.06.14 22:34:47;1.19998;;;-7.80;[tp]
2022.06.14 09:20:02;Buy;0.01;GBPUSD;1.21519;;1.19998;2022.06.14 22:34:47;1.19998;;;-15.21;[tp]
2022.06.14 13:55:00;Buy;0.03;EURJPY;140.304;;140.379;2022.06.14 14:00:54;140.379;;;1.67;[tp]
2022.06.14 11:40:01;Sell;0.01;EURJPY;140.435;;140.360;2022.06.14 13:42:14;140.360;;;0.56;[tp]
2022.06.14 12:50:00;Sell;0.01;AUDUSD;0.69003;;0.68898;2022.06.14 13:35:26;0.68898;;;1.05;[tp]
2022.06.14 10:10:05;Buy;0.01;CHFJPY;135.257;;135.342;2022.06.14 11:20:39;135.342;;;0.63;[tp]
2022.06.14 10:10:01;Buy;0.01;EURJPY;140.235;;140.310;2022.06.14 11:12:25;140.310;;;0.56;[tp]
2022.06.14 03:45:02;Sell;0.01;EURJPY;140.226;;140.151;2022.06.14 09:55:54;140.151;;;0.56;[tp]
2022.06.14 09:00:04;Sell;0.01;EURUSD;1.04654;;1.04569;2022.06.14 09:04:59;1.04569;;;0.85;[tp]
2022.06.14 06:10:00;Sell;0.01;AUDUSD;0.69598;;0.69493;2022.06.14 07:14:07;0.69493;;;1.05;[tp]
2022.06.14 02:50:00;Sell;0.01;EURJPY;139.858;;139.783;2022.06.14 03:13:23;139.783;;;0.56;[tp]
2022.06.14 00:40:00;Buy;0.01;CHFJPY;134.626;;134.711;2022.06.14 01:23:19;134.711;;;0.63;[tp]
2022.06.13 17:50:02;Sell;0.01;EURGBP;0.85810;;0.85735;2022.06.14 00:08:30;0.85735;;;0.91;[tp]
2022.06.13 19:10:00;Buy;0.01;GBPUSD;1.21429;;1.21504;2022.06.13 19:17:08;1.21504;;;0.75;[tp]
2022.06.13 16:25:00;Sell;0.01;GBPUSD;1.21876;;1.21801;2022.06.13 16:56:18;1.21801;;;0.75;[tp]
2022.06.13 12:35:01;Sell;0.01;AUDUSD;0.69855;;0.69750;2022.06.13 13:26:26;0.69750;;;1.05;[tp]
2022.06.13 03:00:01;Sell;0.01;AUDUSD;0.70167;;0.70062;2022.06.13 07:43:44;0.70062;;;1.05;[tp]
2022.06.13 07:10:00;Buy;0.01;EURJPY;141.059;;141.134;2022.06.13 07:18:24;141.134;;;0.55;[tp]
2022.06.13 06:55:00;Buy;0.01;GBPUSD;1.22469;;1.22544;2022.06.13 06:57:39;1.22544;;;0.75;[tp]
2022.06.13 06:30:00;Buy;0.01;EURJPY;141.195;;141.270;2022.06.13 06:35:37;141.270;;;0.56;[tp]
2022.06.13 06:25:00;Buy;0.01;EURJPY;141.136;;141.211;2022.06.13 06:28:17;141.211;;;0.55;[tp]
2022.06.13 03:50:03;Sell;0.01;GBPUSD;1.22877;;1.22802;2022.06.13 04:42:37;1.22802;;;0.75;[tp]
2022.06.12 19:08:54;Balance;;;;;;;;;;100.00;
2022.06.10 10:05:01;Buy;0.01;AUDUSD;0.71192;;0.71297;2022.06.10 12:17:48;0.71297;;;1.05;[tp]
2022.06.10 00:25:00;Buy;0.02;AUDUSD;0.70874;;0.71287;2022.06.10 07:28:30;0.71287;;;8.26;[tp]
2022.06.09 19:30:00;Buy;0.02;AUDUSD;0.70987;;0.71287;2022.06.10 07:28:30;0.71287;;;6.00;[tp]
2022.06.09 16:10:00;Buy;0.02;AUDUSD;0.71142;;0.71287;2022.06.10 07:28:30;0.71287;;;2.90;[tp]
2022.06.09 14:10:00;Buy;0.01;AUDUSD;0.71260;;0.71287;2022.06.10 07:28:30;0.71287;;;0.27;[tp]
2022.06.09 13:15:00;Buy;0.01;AUDUSD;0.71478;;0.71287;2022.06.10 07:28:30;0.71287;;;-1.91;[tp]
2022.06.09 00:15:01;Buy;0.01;AUDUSD;0.71894;;0.71287;2022.06.10 07:28:30;0.71287;;;-6.07;[tp]
2022.06.10 07:10:00;Buy;0.01;GBPUSD;1.24831;;1.24906;2022.06.10 07:16:48;1.24906;;;0.75;[tp]
2022.06.10 06:35:05;Buy;0.01;GBPUSD;1.24903;;1.24978;2022.06.10 06:43:47;1.24978;;;0.75;[tp]
2022.06.10 01:00:03;Sell;0.01;GBPUSD;1.24993;;1.24918;2022.06.10 01:20:59;1.24918;;;0.75;[tp]
2022.06.09 10:35:03;Sell;0.01;GBPUSD;1.25345;;1.25270;2022.06.09 11:46:31;1.25270;;;0.75;[tp]
2022.06.09 03:55:01;Sell;0.01;GBPUSD;1.25431;;1.25356;2022.06.09 04:27:22;1.25356;;;0.75;[tp]
2022.06.08 17:45:02;Buy;0.01;GBPUSD;1.25406;;1.25481;2022.06.09 03:49:02;1.25481;;;0.75;[tp]
2022.06.08 13:20:01;Sell;0.01;AUDUSD;0.72078;;0.71973;2022.06.08 17:31:04;0.71973;;;1.05;[tp]
2022.06.08 12:40:02;Buy;0.01;AUDUSD;0.71968;;0.72073;2022.06.08 13:03:20;0.72073;;;1.05;[tp]
2022.06.08 12:40:04;Buy;0.01;GBPUSD;1.25307;;1.25382;2022.06.08 12:47:34;1.25382;;;0.75;[tp]
2022.06.08 11:40:00;Sell;0.01;GBPUSD;1.25509;;1.25434;2022.06.08 12:22:12;1.25434;;;0.75;[tp]
2022.06.07 14:55:00;Sell;0.02;GBPUSD;1.25833;;1.25397;2022.06.08 08:17:13;1.25397;;;8.72;[tp]
2022.06.07 14:35:01;Sell;0.01;GBPUSD;1.25470;;1.25397;2022.06.08 08:17:13;1.25397;;;0.73;[tp]
2022.06.07 07:20:00;Sell;0.01;GBPUSD;1.24753;;1.25397;2022.06.08 08:17:13;1.25397;;;-6.44;[tp]
2022.06.07 08:20:02;Buy;0.01;CHFJPY;136.283;;136.368;2022.06.07 18:40:51;136.368;;;0.64;[tp]
2022.06.07 07:57:37;Balance;;;;;;;;;;100.00;
2022.06.07 04:45:01;Sell;0.01;GBPUSD;1.24926;;1.24851;2022.06.07 05:05:18;1.24851;;;0.75;[tp]
2022.06.07 03:50:05;Sell;0.01;GBPUSD;1.25069;;1.24994;2022.06.07 04:40:40;1.24994;;;0.75;[tp]
2022.06.06 12:35:01;Buy;0.01;GBPUSD;1.25527;;1.25602;2022.06.06 14:51:36;1.25602;;;0.75;[tp]
2022.06.06 06:25:07;Buy;0.01;GBPUSD;1.24998;;1.25073;2022.06.06 06:31:34;1.25073;;;0.75;[tp]
2022.06.06 01:05:00;Buy;0.01;GBPUSD;1.24848;;1.24923;2022.06.06 02:30:17;1.24923;;;0.75;[tp]
2022.06.05 22:45:05;Sell;0.01;GBPUSD;1.24949;;1.24874;2022.06.06 00:46:07;1.24874;;;0.75;[tp]
2022.06.05 02:26:52;Balance;;;;;;;;;;100.00;
